USE [MotorClaim]
GO
/****** Object:  Table [dbo].[ImageGallery]    Script Date: 01/16/2013 10:20:10 ******/
/****** Object:  Table [dbo].[VisitDetails]    Script Date: 01/16/2013 10:20:11 ******/
INSERT [dbo].[VisitDetails] ([VisitId], [ChassyNo], [EngineNo], [Info1], [Info2], [Info3]) VALUES (7, N'34634g43534', N'2352346sd32556', NULL, NULL, NULL)
INSERT [dbo].[VisitDetails] ([VisitId], [ChassyNo], [EngineNo], [Info1], [Info2], [Info3]) VALUES (8, N'231254578df', N'4577695797685', NULL, NULL, NULL)
INSERT [dbo].[VisitDetails] ([VisitId], [ChassyNo], [EngineNo], [Info1], [Info2], [Info3]) VALUES (9, N'43sd345347668', N'23525578gh568568', NULL, NULL, NULL)
INSERT [dbo].[VisitDetails] ([VisitId], [ChassyNo], [EngineNo], [Info1], [Info2], [Info3]) VALUES (10, N'219219089as0908', N'2345232359797', NULL, NULL, NULL)
/****** Object:  Table [dbo].[Users]    Script Date: 01/16/2013 10:20:11 ******/
SET IDENTITY_INSERT [dbo].[Users] ON
INSERT [dbo].[Users] ([UserId], [UserGUID], [FirstName], [LastName], [Code], [RegionId], [BranchId], [PrimaryEmail], [SecondaryEmail], [ContactNo], [ContactNo2], [IsEnabled], [IsDeleted], [CreatedBy], [CreatedDate], [UpdatedBy], [UpdatedDate], [DeletedDate], [Info1], [Info2], [Info3]) VALUES (3, N'f6b0c04f-eedc-4d9a-9a29-dded21236ace', N'Firstname', N'Lastname', N'CSR', 2, 1, N'surensaluka@gmail.com', NULL, NULL, NULL, 1, 0, 1, CAST(0x0000A0E600000000 AS DateTime), 3, CAST(0x0000A14700CE6893 AS DateTime), NULL, NULL, NULL, NULL)
INSERT [dbo].[Users] ([UserId], [UserGUID], [FirstName], [LastName], [Code], [RegionId], [BranchId], [PrimaryEmail], [SecondaryEmail], [ContactNo], [ContactNo2], [IsEnabled], [IsDeleted], [CreatedBy], [CreatedDate], [UpdatedBy], [UpdatedDate], [DeletedDate], [Info1], [Info2], [Info3]) VALUES (4, N'a2282253-ce55-496b-b4b4-c2eb0e07ca63', N'Harsha', N'Priyantha', NULL, 2, 1, N'harshap@irononetech.com', NULL, NULL, NULL, 0, 1, 1, CAST(0x0000A0E600000000 AS DateTime), NULL, NULL, NULL, NULL, NULL, NULL)
INSERT [dbo].[Users] ([UserId], [UserGUID], [FirstName], [LastName], [Code], [RegionId], [BranchId], [PrimaryEmail], [SecondaryEmail], [ContactNo], [ContactNo2], [IsEnabled], [IsDeleted], [CreatedBy], [CreatedDate], [UpdatedBy], [UpdatedDate], [DeletedDate], [Info1], [Info2], [Info3]) VALUES (5, N'1f520935-8aec-4411-aa1e-db7e5ffb1b6b', N'Ruwan', N'Padukkage', NULL, 2, 1, N'ruwanp@irononetech.com', NULL, NULL, NULL, 0, 1, 1, CAST(0x0000A0E600000000 AS DateTime), NULL, NULL, NULL, NULL, NULL, NULL)
INSERT [dbo].[Users] ([UserId], [UserGUID], [FirstName], [LastName], [Code], [RegionId], [BranchId], [PrimaryEmail], [SecondaryEmail], [ContactNo], [ContactNo2], [IsEnabled], [IsDeleted], [CreatedBy], [CreatedDate], [UpdatedBy], [UpdatedDate], [DeletedDate], [Info1], [Info2], [Info3]) VALUES (6, N'd1193812-6fbe-4ea9-a470-33eedb4c8a4e', N'Administrator', NULL, NULL, 2, 1, N'admin@yyy.com', NULL, NULL, NULL, 0, 1, 1, CAST(0x0000A0E600000000 AS DateTime), NULL, NULL, NULL, NULL, NULL, NULL)
INSERT [dbo].[Users] ([UserId], [UserGUID], [FirstName], [LastName], [Code], [RegionId], [BranchId], [PrimaryEmail], [SecondaryEmail], [ContactNo], [ContactNo2], [IsEnabled], [IsDeleted], [CreatedBy], [CreatedDate], [UpdatedBy], [UpdatedDate], [DeletedDate], [Info1], [Info2], [Info3]) VALUES (7, N'e1a30b26-066b-413a-b15d-92f262a2d7ac', N'Suren', N'Manawatta', NULL, 2, 1, N'surenm@irononetech.com', NULL, NULL, NULL, 0, 1, 1, CAST(0x0000A0E600000000 AS DateTime), NULL, NULL, NULL, NULL, NULL, NULL)
INSERT [dbo].[Users] ([UserId], [UserGUID], [FirstName], [LastName], [Code], [RegionId], [BranchId], [PrimaryEmail], [SecondaryEmail], [ContactNo], [ContactNo2], [IsEnabled], [IsDeleted], [CreatedBy], [CreatedDate], [UpdatedBy], [UpdatedDate], [DeletedDate], [Info1], [Info2], [Info3]) VALUES (9, N'1e732043-9018-4338-993c-d69e0f48bf90', N'Chandimal', N'Wickramaratne', N'CSR1', 4, 30, N'chandimalw@irononetech.com', NULL, NULL, NULL, 1, 1, 1, CAST(0x0000A0E600000000 AS DateTime), 1, CAST(0x0000A12C00D68BAE AS DateTime), NULL, NULL, NULL, NULL)
INSERT [dbo].[Users] ([UserId], [UserGUID], [FirstName], [LastName], [Code], [RegionId], [BranchId], [PrimaryEmail], [SecondaryEmail], [ContactNo], [ContactNo2], [IsEnabled], [IsDeleted], [CreatedBy], [CreatedDate], [UpdatedBy], [UpdatedDate], [DeletedDate], [Info1], [Info2], [Info3]) VALUES (10, N'58d3dada-c5c1-497b-8d6d-283cd8e0c689', N'Kumudhu', NULL, NULL, 2, 1, N'kumuduw@irononetech.com', NULL, NULL, NULL, 1, 1, 1, CAST(0x0000A0E600000000 AS DateTime), NULL, NULL, NULL, NULL, NULL, NULL)
INSERT [dbo].[Users] ([UserId], [UserGUID], [FirstName], [LastName], [Code], [RegionId], [BranchId], [PrimaryEmail], [SecondaryEmail], [ContactNo], [ContactNo2], [IsEnabled], [IsDeleted], [CreatedBy], [CreatedDate], [UpdatedBy], [UpdatedDate], [DeletedDate], [Info1], [Info2], [Info3]) VALUES (11, N'271a40c7-a62d-4865-a574-7592738185ae', N'Aruna12', N'Herath12', N'ttttt12', 4, 30, N'arunah12@irononetech.com', NULL, NULL, NULL, 1, 0, 1, CAST(0x0000A0E600000000 AS DateTime), 3, CAST(0x0000A139011909F1 AS DateTime), NULL, NULL, NULL, NULL)
INSERT [dbo].[Users] ([UserId], [UserGUID], [FirstName], [LastName], [Code], [RegionId], [BranchId], [PrimaryEmail], [SecondaryEmail], [ContactNo], [ContactNo2], [IsEnabled], [IsDeleted], [CreatedBy], [CreatedDate], [UpdatedBy], [UpdatedDate], [DeletedDate], [Info1], [Info2], [Info3]) VALUES (17, N'e3b12c96-1cf9-4ccf-a640-46ba44c8c27f', N'aaaaaaaa', N'aaaaa', N'rrrr', 2, 1, NULL, NULL, NULL, NULL, 1, 1, 1, CAST(0x0000A12500DDB5F0 AS DateTime), NULL, NULL, NULL, NULL, NULL, NULL)
INSERT [dbo].[Users] ([UserId], [UserGUID], [FirstName], [LastName], [Code], [RegionId], [BranchId], [PrimaryEmail], [SecondaryEmail], [ContactNo], [ContactNo2], [IsEnabled], [IsDeleted], [CreatedBy], [CreatedDate], [UpdatedBy], [UpdatedDate], [DeletedDate], [Info1], [Info2], [Info3]) VALUES (18, N'790a40e3-436d-4896-b577-8a98ef62630e', N'qqqqqq', N'qqqqq', N'ffff', 6, 31, NULL, NULL, NULL, NULL, 0, 0, 1, CAST(0x0000A12500FFD8A9 AS DateTime), NULL, NULL, NULL, NULL, NULL, NULL)
INSERT [dbo].[Users] ([UserId], [UserGUID], [FirstName], [LastName], [Code], [RegionId], [BranchId], [PrimaryEmail], [SecondaryEmail], [ContactNo], [ContactNo2], [IsEnabled], [IsDeleted], [CreatedBy], [CreatedDate], [UpdatedBy], [UpdatedDate], [DeletedDate], [Info1], [Info2], [Info3]) VALUES (19, N'68177fb5-a38e-4774-bc4b-3e7461f7d5d9', N'Sandareka', N'Wickramanayake', N'eeeee', 5, 28, N'sw0900@gmail.com', NULL, NULL, NULL, 1, 0, 1, CAST(0x0000A125010D6E17 AS DateTime), NULL, NULL, NULL, NULL, NULL, NULL)
INSERT [dbo].[Users] ([UserId], [UserGUID], [FirstName], [LastName], [Code], [RegionId], [BranchId], [PrimaryEmail], [SecondaryEmail], [ContactNo], [ContactNo2], [IsEnabled], [IsDeleted], [CreatedBy], [CreatedDate], [UpdatedBy], [UpdatedDate], [DeletedDate], [Info1], [Info2], [Info3]) VALUES (20, N'8f0a6806-20b3-4e8c-91ac-490f1fe6c621', N'Sandareka', N'Wickramanayake', N'tyty', 6, 25, N'sw0900@gmail.com', NULL, NULL, NULL, 1, 1, 1, CAST(0x0000A12501108EE1 AS DateTime), NULL, NULL, NULL, NULL, NULL, NULL)
INSERT [dbo].[Users] ([UserId], [UserGUID], [FirstName], [LastName], [Code], [RegionId], [BranchId], [PrimaryEmail], [SecondaryEmail], [ContactNo], [ContactNo2], [IsEnabled], [IsDeleted], [CreatedBy], [CreatedDate], [UpdatedBy], [UpdatedDate], [DeletedDate], [Info1], [Info2], [Info3]) VALUES (21, N'dfa32fca-1168-4474-888f-b68b6a81d30e', N'aaaaaaaa', N'aaaaa', N'ssss', 6, 31, N'sw0900@gmail.com', NULL, NULL, NULL, 1, 1, 1, CAST(0x0000A126011B4525 AS DateTime), NULL, NULL, NULL, NULL, NULL, NULL)
INSERT [dbo].[Users] ([UserId], [UserGUID], [FirstName], [LastName], [Code], [RegionId], [BranchId], [PrimaryEmail], [SecondaryEmail], [ContactNo], [ContactNo2], [IsEnabled], [IsDeleted], [CreatedBy], [CreatedDate], [UpdatedBy], [UpdatedDate], [DeletedDate], [Info1], [Info2], [Info3]) VALUES (22, N'9120d969-cc97-49c3-bfee-d7a7ed0f4d02', N'hhhhh', N'hhhhh', N'oooo', 8, 16, N'sw0900@gmail.com', NULL, NULL, NULL, 1, 0, 1, CAST(0x0000A12700AE485B AS DateTime), NULL, NULL, NULL, NULL, NULL, NULL)
INSERT [dbo].[Users] ([UserId], [UserGUID], [FirstName], [LastName], [Code], [RegionId], [BranchId], [PrimaryEmail], [SecondaryEmail], [ContactNo], [ContactNo2], [IsEnabled], [IsDeleted], [CreatedBy], [CreatedDate], [UpdatedBy], [UpdatedDate], [DeletedDate], [Info1], [Info2], [Info3]) VALUES (23, N'd981d156-abf4-4189-9fe6-82838a2cafbc', N'aaaaaaaa', N'aaaaa', N'hhhhh', 5, 28, N'sw0900@gmail.com', NULL, NULL, NULL, 1, 1, 1, CAST(0x0000A12700AEB880 AS DateTime), NULL, NULL, NULL, NULL, NULL, NULL)
INSERT [dbo].[Users] ([UserId], [UserGUID], [FirstName], [LastName], [Code], [RegionId], [BranchId], [PrimaryEmail], [SecondaryEmail], [ContactNo], [ContactNo2], [IsEnabled], [IsDeleted], [CreatedBy], [CreatedDate], [UpdatedBy], [UpdatedDate], [DeletedDate], [Info1], [Info2], [Info3]) VALUES (24, N'da5f6c70-4675-4c5d-b3f5-6e320a533a30', N'ghjghjghj', N'ghjghjghj', N'mmmmm', 8, 33, N'sandareka18@gmail.com', NULL, NULL, NULL, 1, 0, 1, CAST(0x0000A12700AF4C1B AS DateTime), NULL, NULL, NULL, NULL, NULL, NULL)
INSERT [dbo].[Users] ([UserId], [UserGUID], [FirstName], [LastName], [Code], [RegionId], [BranchId], [PrimaryEmail], [SecondaryEmail], [ContactNo], [ContactNo2], [IsEnabled], [IsDeleted], [CreatedBy], [CreatedDate], [UpdatedBy], [UpdatedDate], [DeletedDate], [Info1], [Info2], [Info3]) VALUES (25, N'2ffba48c-d122-40a5-9291-025f83bbc6e9', N'hdfhgfhfgh', N'cvb cvnvbn', N'ffffff', 10, 5, N'sandareka18@gmail.com', NULL, NULL, NULL, 1, 0, 1, CAST(0x0000A12700AFDFAB AS DateTime), NULL, NULL, NULL, NULL, NULL, NULL)
INSERT [dbo].[Users] ([UserId], [UserGUID], [FirstName], [LastName], [Code], [RegionId], [BranchId], [PrimaryEmail], [SecondaryEmail], [ContactNo], [ContactNo2], [IsEnabled], [IsDeleted], [CreatedBy], [CreatedDate], [UpdatedBy], [UpdatedDate], [DeletedDate], [Info1], [Info2], [Info3]) VALUES (26, N'73470cf7-da57-47cb-b8f1-90c094b010e6', N'suren', N'manawatta', N'1000', 2, 1, N'surensaluka@gmail.com', NULL, NULL, NULL, 1, 0, 1, CAST(0x0000A12C00C80B2F AS DateTime), 1, CAST(0x0000A12C00DB1795 AS DateTime), NULL, NULL, NULL, NULL)
INSERT [dbo].[Users] ([UserId], [UserGUID], [FirstName], [LastName], [Code], [RegionId], [BranchId], [PrimaryEmail], [SecondaryEmail], [ContactNo], [ContactNo2], [IsEnabled], [IsDeleted], [CreatedBy], [CreatedDate], [UpdatedBy], [UpdatedDate], [DeletedDate], [Info1], [Info2], [Info3]) VALUES (27, N'8221a63b-7153-4084-8788-6d777915d996', N'tttttt', N'tttt', N'tttttttt', 6, 2, N'ttt@jjg.com', NULL, NULL, NULL, 1, 0, 1, CAST(0x0000A12C00C8727F AS DateTime), NULL, NULL, NULL, NULL, NULL, NULL)
INSERT [dbo].[Users] ([UserId], [UserGUID], [FirstName], [LastName], [Code], [RegionId], [BranchId], [PrimaryEmail], [SecondaryEmail], [ContactNo], [ContactNo2], [IsEnabled], [IsDeleted], [CreatedBy], [CreatedDate], [UpdatedBy], [UpdatedDate], [DeletedDate], [Info1], [Info2], [Info3]) VALUES (28, N'afd0eb6a-fb49-4052-8d24-a0e2dec49bb1', N'74', N'74', N'74', 5, 28, N'74@74.com', NULL, NULL, NULL, 0, 0, 1, CAST(0x0000A12C00C9C347 AS DateTime), NULL, NULL, NULL, NULL, NULL, NULL)
INSERT [dbo].[Users] ([UserId], [UserGUID], [FirstName], [LastName], [Code], [RegionId], [BranchId], [PrimaryEmail], [SecondaryEmail], [ContactNo], [ContactNo2], [IsEnabled], [IsDeleted], [CreatedBy], [CreatedDate], [UpdatedBy], [UpdatedDate], [DeletedDate], [Info1], [Info2], [Info3]) VALUES (29, N'3a1b826d-077a-47d5-8642-9cd3e0f33bca', N'ol', N'ol', N'lol', 9, 14, N'ol@fg.com', NULL, NULL, NULL, 0, 0, 1, CAST(0x0000A12C00DAD48D AS DateTime), NULL, NULL, NULL, NULL, NULL, NULL)
INSERT [dbo].[Users] ([UserId], [UserGUID], [FirstName], [LastName], [Code], [RegionId], [BranchId], [PrimaryEmail], [SecondaryEmail], [ContactNo], [ContactNo2], [IsEnabled], [IsDeleted], [CreatedBy], [CreatedDate], [UpdatedBy], [UpdatedDate], [DeletedDate], [Info1], [Info2], [Info3]) VALUES (30, N'099d0e13-bea9-4b3b-bf97-8eb28dc924a1', N'firstname', N'lastname', N'CSR670', 7, 13, N'aaa@sg.com', NULL, NULL, NULL, 0, 0, 1, CAST(0x0000A13100A8C5B8 AS DateTime), NULL, NULL, NULL, NULL, NULL, NULL)
INSERT [dbo].[Users] ([UserId], [UserGUID], [FirstName], [LastName], [Code], [RegionId], [BranchId], [PrimaryEmail], [SecondaryEmail], [ContactNo], [ContactNo2], [IsEnabled], [IsDeleted], [CreatedBy], [CreatedDate], [UpdatedBy], [UpdatedDate], [DeletedDate], [Info1], [Info2], [Info3]) VALUES (31, N'e101b6aa-2c4e-4b82-99c5-a56f8871e6c9', N'firstBan123', N'LatBan123', N'CSR77889', 8, 16, N'aaa@yahoo.com', NULL, NULL, NULL, 1, 0, 1, CAST(0x0000A13300B87AAC AS DateTime), 1, CAST(0x0000A13300B89ACD AS DateTime), NULL, NULL, NULL, NULL)
INSERT [dbo].[Users] ([UserId], [UserGUID], [FirstName], [LastName], [Code], [RegionId], [BranchId], [PrimaryEmail], [SecondaryEmail], [ContactNo], [ContactNo2], [IsEnabled], [IsDeleted], [CreatedBy], [CreatedDate], [UpdatedBy], [UpdatedDate], [DeletedDate], [Info1], [Info2], [Info3]) VALUES (32, N'af39627d-10a5-4b1b-9058-ad8ddff17eae', N'Dilini', N'Randana', N'123', 10, 5, N'dilinig@irononetech.com', NULL, NULL, NULL, 1, 0, 1, CAST(0x0000A13800F3FE43 AS DateTime), NULL, NULL, NULL, NULL, NULL, NULL)
INSERT [dbo].[Users] ([UserId], [UserGUID], [FirstName], [LastName], [Code], [RegionId], [BranchId], [PrimaryEmail], [SecondaryEmail], [ContactNo], [ContactNo2], [IsEnabled], [IsDeleted], [CreatedBy], [CreatedDate], [UpdatedBy], [UpdatedDate], [DeletedDate], [Info1], [Info2], [Info3]) VALUES (33, N'993c9122-b19c-469b-86b0-36477e9552c6', N'firstname', N'lastname desdf', N'CSR273930we', 5, 28, N'budhdhika@rtju.rgf', NULL, NULL, NULL, 1, 0, 3, CAST(0x0000A13901097650 AS DateTime), NULL, NULL, NULL, NULL, NULL, NULL)
INSERT [dbo].[Users] ([UserId], [UserGUID], [FirstName], [LastName], [Code], [RegionId], [BranchId], [PrimaryEmail], [SecondaryEmail], [ContactNo], [ContactNo2], [IsEnabled], [IsDeleted], [CreatedBy], [CreatedDate], [UpdatedBy], [UpdatedDate], [DeletedDate], [Info1], [Info2], [Info3]) VALUES (38, N'eef29677-36dd-401e-a46b-b99f309ede14', N'lushajkk', N'sjshjwjwn', N'pass789', 2, 1, N'lusjkkj@dhjd.com', NULL, NULL, NULL, 1, 0, 3, CAST(0x0000A13C012668B2 AS DateTime), NULL, NULL, NULL, NULL, NULL, NULL)
INSERT [dbo].[Users] ([UserId], [UserGUID], [FirstName], [LastName], [Code], [RegionId], [BranchId], [PrimaryEmail], [SecondaryEmail], [ContactNo], [ContactNo2], [IsEnabled], [IsDeleted], [CreatedBy], [CreatedDate], [UpdatedBy], [UpdatedDate], [DeletedDate], [Info1], [Info2], [Info3]) VALUES (39, N'3c9dbd0b-5f6e-4a44-bb1b-b393eb0b60eb', N'firstname', N'lastname', N'cseruio', 2, 1, N'lush@djdjd.com', NULL, NULL, NULL, 1, 0, 3, CAST(0x0000A13C012A17A0 AS DateTime), NULL, NULL, NULL, NULL, NULL, NULL)
INSERT [dbo].[Users] ([UserId], [UserGUID], [FirstName], [LastName], [Code], [RegionId], [BranchId], [PrimaryEmail], [SecondaryEmail], [ContactNo], [ContactNo2], [IsEnabled], [IsDeleted], [CreatedBy], [CreatedDate], [UpdatedBy], [UpdatedDate], [DeletedDate], [Info1], [Info2], [Info3]) VALUES (40, N'6ac33a36-374f-4b9f-9466-1719a226ccdd', N'asdasd', N'asdasasdasd', N'asdasd', 2, 1, N'asd@sfg.sdgfsd', NULL, NULL, NULL, 1, 0, 3, CAST(0x0000A13C013CF40B AS DateTime), NULL, NULL, NULL, NULL, NULL, NULL)
INSERT [dbo].[Users] ([UserId], [UserGUID], [FirstName], [LastName], [Code], [RegionId], [BranchId], [PrimaryEmail], [SecondaryEmail], [ContactNo], [ContactNo2], [IsEnabled], [IsDeleted], [CreatedBy], [CreatedDate], [UpdatedBy], [UpdatedDate], [DeletedDate], [Info1], [Info2], [Info3]) VALUES (41, N'01088f75-55cb-4c53-87d8-e544c17752ee', N'Shirantha', N'Subasinghe', N'CSR8989', 7, 3, N'shiranthas@irononetech.com', NULL, NULL, NULL, 1, 0, 3, CAST(0x0000A14100B07EF6 AS DateTime), 3, CAST(0x0000A14300F4B4D5 AS DateTime), NULL, NULL, NULL, NULL)
INSERT [dbo].[Users] ([UserId], [UserGUID], [FirstName], [LastName], [Code], [RegionId], [BranchId], [PrimaryEmail], [SecondaryEmail], [ContactNo], [ContactNo2], [IsEnabled], [IsDeleted], [CreatedBy], [CreatedDate], [UpdatedBy], [UpdatedDate], [DeletedDate], [Info1], [Info2], [Info3]) VALUES (42, N'b783a7ee-eb17-4483-8f0a-aa9ae6a2e123', N'111a', N'222a', N'CSR6789a', 8, 4, N'lalala@dfsf.com', NULL, NULL, NULL, 1, 0, 3, CAST(0x0000A14300FA4353 AS DateTime), 3, CAST(0x0000A14300FA5B30 AS DateTime), NULL, NULL, NULL, NULL)
SET IDENTITY_INSERT [dbo].[Users] OFF
/****** Object:  Table [dbo].[Visits]    Script Date: 01/16/2013 10:20:11 ******/
SET IDENTITY_INSERT [dbo].[Visits] ON
INSERT [dbo].[Visits] ([VisitId], [JobNo], [VisitType], [RefNo], [TimeVisited], [ImageCount], [IsPrinted], [CSR_CurrentBranchId], [CSR_CurrentRegionId], [Engineer_CurrentBranchId], [Engineer_CurrentRegionId], [CreatedBy], [CreatedDate], [UpdatedBy], [UpdatedDate], [Info1], [Info2], [Info3]) VALUES (1, N'J001', 0, NULL, CAST(0x0000A12500000000 AS DateTime), 5, 1, 1, 2, 1, 2, 20, CAST(0x0000A13100000000 AS DateTime), NULL, NULL, NULL, NULL, NULL)
INSERT [dbo].[Visits] ([VisitId], [JobNo], [VisitType], [RefNo], [TimeVisited], [ImageCount], [IsPrinted], [CSR_CurrentBranchId], [CSR_CurrentRegionId], [Engineer_CurrentBranchId], [Engineer_CurrentRegionId], [CreatedBy], [CreatedDate], [UpdatedBy], [UpdatedDate], [Info1], [Info2], [Info3]) VALUES (2, N'J002', 0, NULL, CAST(0x0000A12600000000 AS DateTime), 3, 0, 1, 2, 1, 2, 20, CAST(0x0000A13100000000 AS DateTime), NULL, NULL, NULL, NULL, NULL)
INSERT [dbo].[Visits] ([VisitId], [JobNo], [VisitType], [RefNo], [TimeVisited], [ImageCount], [IsPrinted], [CSR_CurrentBranchId], [CSR_CurrentRegionId], [Engineer_CurrentBranchId], [Engineer_CurrentRegionId], [CreatedBy], [CreatedDate], [UpdatedBy], [UpdatedDate], [Info1], [Info2], [Info3]) VALUES (3, N'J003', 0, NULL, CAST(0x0000A12800000000 AS DateTime), 2, 1, 1, 2, 1, 2, 11, CAST(0x0000A13100000000 AS DateTime), NULL, NULL, NULL, NULL, NULL)
INSERT [dbo].[Visits] ([VisitId], [JobNo], [VisitType], [RefNo], [TimeVisited], [ImageCount], [IsPrinted], [CSR_CurrentBranchId], [CSR_CurrentRegionId], [Engineer_CurrentBranchId], [Engineer_CurrentRegionId], [CreatedBy], [CreatedDate], [UpdatedBy], [UpdatedDate], [Info1], [Info2], [Info3]) VALUES (4, N'J004', 0, NULL, CAST(0x0000A12900000000 AS DateTime), 1, 0, 1, 2, 1, 2, 20, CAST(0x0000A13100000000 AS DateTime), NULL, NULL, NULL, NULL, NULL)
INSERT [dbo].[Visits] ([VisitId], [JobNo], [VisitType], [RefNo], [TimeVisited], [ImageCount], [IsPrinted], [CSR_CurrentBranchId], [CSR_CurrentRegionId], [Engineer_CurrentBranchId], [Engineer_CurrentRegionId], [CreatedBy], [CreatedDate], [UpdatedBy], [UpdatedDate], [Info1], [Info2], [Info3]) VALUES (5, N'J005', 0, NULL, CAST(0x0000A12C00000000 AS DateTime), 5, 1, 1, 2, 1, 2, 11, CAST(0x0000A13100000000 AS DateTime), NULL, NULL, NULL, NULL, NULL)
INSERT [dbo].[Visits] ([VisitId], [JobNo], [VisitType], [RefNo], [TimeVisited], [ImageCount], [IsPrinted], [CSR_CurrentBranchId], [CSR_CurrentRegionId], [Engineer_CurrentBranchId], [Engineer_CurrentRegionId], [CreatedBy], [CreatedDate], [UpdatedBy], [UpdatedDate], [Info1], [Info2], [Info3]) VALUES (6, N'J006', 0, NULL, CAST(0x0000A12C00000000 AS DateTime), 1, 1, 1, 2, 1, 2, 20, CAST(0x0000A13100000000 AS DateTime), NULL, NULL, NULL, NULL, NULL)
INSERT [dbo].[Visits] ([VisitId], [JobNo], [VisitType], [RefNo], [TimeVisited], [ImageCount], [IsPrinted], [CSR_CurrentBranchId], [CSR_CurrentRegionId], [Engineer_CurrentBranchId], [Engineer_CurrentRegionId], [CreatedBy], [CreatedDate], [UpdatedBy], [UpdatedDate], [Info1], [Info2], [Info3]) VALUES (7, N'J001', 1, NULL, CAST(0x0000A12D00000000 AS DateTime), 3, 0, 2, 3, 1, 2, 11, CAST(0x0000A13500000000 AS DateTime), NULL, NULL, NULL, NULL, NULL)
INSERT [dbo].[Visits] ([VisitId], [JobNo], [VisitType], [RefNo], [TimeVisited], [ImageCount], [IsPrinted], [CSR_CurrentBranchId], [CSR_CurrentRegionId], [Engineer_CurrentBranchId], [Engineer_CurrentRegionId], [CreatedBy], [CreatedDate], [UpdatedBy], [UpdatedDate], [Info1], [Info2], [Info3]) VALUES (8, N'J001', 2, NULL, CAST(0x0000A12E00000000 AS DateTime), 4, 0, 1, 2, 1, 2, 20, CAST(0x0000A13600000000 AS DateTime), NULL, NULL, NULL, NULL, NULL)
INSERT [dbo].[Visits] ([VisitId], [JobNo], [VisitType], [RefNo], [TimeVisited], [ImageCount], [IsPrinted], [CSR_CurrentBranchId], [CSR_CurrentRegionId], [Engineer_CurrentBranchId], [Engineer_CurrentRegionId], [CreatedBy], [CreatedDate], [UpdatedBy], [UpdatedDate], [Info1], [Info2], [Info3]) VALUES (9, N'J002', 1, NULL, CAST(0x0000A12700000000 AS DateTime), 2, 0, 1, 2, 1, 2, 20, CAST(0x0000A13500000000 AS DateTime), NULL, NULL, NULL, NULL, NULL)
INSERT [dbo].[Visits] ([VisitId], [JobNo], [VisitType], [RefNo], [TimeVisited], [ImageCount], [IsPrinted], [CSR_CurrentBranchId], [CSR_CurrentRegionId], [Engineer_CurrentBranchId], [Engineer_CurrentRegionId], [CreatedBy], [CreatedDate], [UpdatedBy], [UpdatedDate], [Info1], [Info2], [Info3]) VALUES (10, N'J003', 1, NULL, CAST(0x0000A12900000000 AS DateTime), 2, 0, 1, 2, 1, 2, 11, CAST(0x0000A13200000000 AS DateTime), NULL, NULL, NULL, NULL, NULL)
SET IDENTITY_INSERT [dbo].[Visits] OFF
/****** Object:  Table [dbo].[Comments]    Script Date: 01/16/2013 10:20:11 ******/
SET IDENTITY_INSERT [dbo].[Comments] ON
INSERT [dbo].[Comments] ([CommentId], [VisitId], [Comment], [CommentedBy], [CommentedDate], [Info1], [Info2], [Info3]) VALUES (0, 1, N'2nd comment', 3, CAST(0x0000A13A00C24D5C AS DateTime), NULL, NULL, NULL)
INSERT [dbo].[Comments] ([CommentId], [VisitId], [Comment], [CommentedBy], [CommentedDate], [Info1], [Info2], [Info3]) VALUES (2, 1, N'sfdasdf', 3, CAST(0x00009FCB00000000 AS DateTime), NULL, NULL, NULL)
INSERT [dbo].[Comments] ([CommentId], [VisitId], [Comment], [CommentedBy], [CommentedDate], [Info1], [Info2], [Info3]) VALUES (3, 1, N'aaaaaa', 3, CAST(0x0000A13A00D0C94C AS DateTime), NULL, NULL, NULL)
INSERT [dbo].[Comments] ([CommentId], [VisitId], [Comment], [CommentedBy], [CommentedDate], [Info1], [Info2], [Info3]) VALUES (4, 1, N'qqqqqq', 3, CAST(0x0000A13A00D0E401 AS DateTime), NULL, NULL, NULL)
INSERT [dbo].[Comments] ([CommentId], [VisitId], [Comment], [CommentedBy], [CommentedDate], [Info1], [Info2], [Info3]) VALUES (5, 1, N'', 3, CAST(0x0000A13A00D2AB1C AS DateTime), NULL, NULL, NULL)
INSERT [dbo].[Comments] ([CommentId], [VisitId], [Comment], [CommentedBy], [CommentedDate], [Info1], [Info2], [Info3]) VALUES (6, 1, N'rrrrrrrr', 3, CAST(0x0000A13A00D31C10 AS DateTime), NULL, NULL, NULL)
INSERT [dbo].[Comments] ([CommentId], [VisitId], [Comment], [CommentedBy], [CommentedDate], [Info1], [Info2], [Info3]) VALUES (7, 1, N'aaaaa', 3, CAST(0x0000A13A00DA6F0C AS DateTime), NULL, NULL, NULL)
INSERT [dbo].[Comments] ([CommentId], [VisitId], [Comment], [CommentedBy], [CommentedDate], [Info1], [Info2], [Info3]) VALUES (8, 1, N'aa', 3, CAST(0x0000A13A011CF5BD AS DateTime), NULL, NULL, NULL)
INSERT [dbo].[Comments] ([CommentId], [VisitId], [Comment], [CommentedBy], [CommentedDate], [Info1], [Info2], [Info3]) VALUES (9, 1, N'aa', 3, CAST(0x0000A13A0125F60F AS DateTime), NULL, NULL, NULL)
INSERT [dbo].[Comments] ([CommentId], [VisitId], [Comment], [CommentedBy], [CommentedDate], [Info1], [Info2], [Info3]) VALUES (10, 1, N'aaaaaa', 3, CAST(0x0000A13A012A7CE9 AS DateTime), NULL, NULL, NULL)
INSERT [dbo].[Comments] ([CommentId], [VisitId], [Comment], [CommentedBy], [CommentedDate], [Info1], [Info2], [Info3]) VALUES (11, 1, N'a', 3, CAST(0x0000A13A012D5BEE AS DateTime), NULL, NULL, NULL)
INSERT [dbo].[Comments] ([CommentId], [VisitId], [Comment], [CommentedBy], [CommentedDate], [Info1], [Info2], [Info3]) VALUES (12, 1, N'a', 3, CAST(0x0000A13A012E19AD AS DateTime), NULL, NULL, NULL)
INSERT [dbo].[Comments] ([CommentId], [VisitId], [Comment], [CommentedBy], [CommentedDate], [Info1], [Info2], [Info3]) VALUES (13, 1, N'aaa', 3, CAST(0x0000A13A012FD57B AS DateTime), NULL, NULL, NULL)
INSERT [dbo].[Comments] ([CommentId], [VisitId], [Comment], [CommentedBy], [CommentedDate], [Info1], [Info2], [Info3]) VALUES (14, 1, N'yesssssssssssss', 3, CAST(0x0000A13A0130818C AS DateTime), NULL, NULL, NULL)
INSERT [dbo].[Comments] ([CommentId], [VisitId], [Comment], [CommentedBy], [CommentedDate], [Info1], [Info2], [Info3]) VALUES (15, 1, N'aaa', 3, CAST(0x0000A13A0130A686 AS DateTime), NULL, NULL, NULL)
INSERT [dbo].[Comments] ([CommentId], [VisitId], [Comment], [CommentedBy], [CommentedDate], [Info1], [Info2], [Info3]) VALUES (16, 1, N'aaaa', 3, CAST(0x0000A13A0130DC15 AS DateTime), NULL, NULL, NULL)
INSERT [dbo].[Comments] ([CommentId], [VisitId], [Comment], [CommentedBy], [CommentedDate], [Info1], [Info2], [Info3]) VALUES (17, 1, N'ssm', 3, CAST(0x0000A13B00BDFFF5 AS DateTime), NULL, NULL, NULL)
INSERT [dbo].[Comments] ([CommentId], [VisitId], [Comment], [CommentedBy], [CommentedDate], [Info1], [Info2], [Info3]) VALUES (18, 1, N'aaaa', 3, CAST(0x0000A13B00BFA9E3 AS DateTime), NULL, NULL, NULL)
INSERT [dbo].[Comments] ([CommentId], [VisitId], [Comment], [CommentedBy], [CommentedDate], [Info1], [Info2], [Info3]) VALUES (19, 1, N'njknk', 3, CAST(0x0000A13B00EB7CFD AS DateTime), NULL, NULL, NULL)
INSERT [dbo].[Comments] ([CommentId], [VisitId], [Comment], [CommentedBy], [CommentedDate], [Info1], [Info2], [Info3]) VALUES (20, 1, N'njknk', 3, CAST(0x0000A13B00EB9052 AS DateTime), NULL, NULL, NULL)
INSERT [dbo].[Comments] ([CommentId], [VisitId], [Comment], [CommentedBy], [CommentedDate], [Info1], [Info2], [Info3]) VALUES (21, 1, N'njknkkkk', 3, CAST(0x0000A13B00EB952F AS DateTime), NULL, NULL, NULL)
INSERT [dbo].[Comments] ([CommentId], [VisitId], [Comment], [CommentedBy], [CommentedDate], [Info1], [Info2], [Info3]) VALUES (22, 1, N'njknkkkk', 3, CAST(0x0000A13B00EBAD19 AS DateTime), NULL, NULL, NULL)
INSERT [dbo].[Comments] ([CommentId], [VisitId], [Comment], [CommentedBy], [CommentedDate], [Info1], [Info2], [Info3]) VALUES (23, 1, N'iiiiiiiiiiiii', 3, CAST(0x0000A13B00EBBCDA AS DateTime), NULL, NULL, NULL)
INSERT [dbo].[Comments] ([CommentId], [VisitId], [Comment], [CommentedBy], [CommentedDate], [Info1], [Info2], [Info3]) VALUES (24, 1, N'QQQQQ', 3, CAST(0x0000A13B00EBDC44 AS DateTime), NULL, NULL, NULL)
INSERT [dbo].[Comments] ([CommentId], [VisitId], [Comment], [CommentedBy], [CommentedDate], [Info1], [Info2], [Info3]) VALUES (25, 1, N'pppppppppppppppppppp', 3, CAST(0x0000A13B00EC03AE AS DateTime), NULL, NULL, NULL)
INSERT [dbo].[Comments] ([CommentId], [VisitId], [Comment], [CommentedBy], [CommentedDate], [Info1], [Info2], [Info3]) VALUES (26, 1, N'ssssssssss', 3, CAST(0x0000A13B00EC2432 AS DateTime), NULL, NULL, NULL)
INSERT [dbo].[Comments] ([CommentId], [VisitId], [Comment], [CommentedBy], [CommentedDate], [Info1], [Info2], [Info3]) VALUES (27, 1, N'ssssssssss', 3, CAST(0x0000A13B00EC3CC3 AS DateTime), NULL, NULL, NULL)
INSERT [dbo].[Comments] ([CommentId], [VisitId], [Comment], [CommentedBy], [CommentedDate], [Info1], [Info2], [Info3]) VALUES (28, 1, N'aaaaa', 3, CAST(0x0000A13B00EC9A02 AS DateTime), NULL, NULL, NULL)
INSERT [dbo].[Comments] ([CommentId], [VisitId], [Comment], [CommentedBy], [CommentedDate], [Info1], [Info2], [Info3]) VALUES (29, 1, N'1441', 3, CAST(0x0000A13B00EE3D63 AS DateTime), NULL, NULL, NULL)
INSERT [dbo].[Comments] ([CommentId], [VisitId], [Comment], [CommentedBy], [CommentedDate], [Info1], [Info2], [Info3]) VALUES (30, 1, N'qqqqqqqqqqqqq', 3, CAST(0x0000A14700CD3804 AS DateTime), NULL, NULL, NULL)
INSERT [dbo].[Comments] ([CommentId], [VisitId], [Comment], [CommentedBy], [CommentedDate], [Info1], [Info2], [Info3]) VALUES (31, 1, N'wwwwwwwwwww', 3, CAST(0x0000A14700CDB223 AS DateTime), NULL, NULL, NULL)
SET IDENTITY_INSERT [dbo].[Comments] OFF
/****** Object:  Table [dbo].[SAForm_level2]    Script Date: 01/16/2013 10:20:11 ******/
INSERT [dbo].[SAForm_level2] ([VisitId], [CON_Tyre_FR_Status], [CON_Tyre_FL_Status], [CON_Tyre_RRL_Status], [CON_Tyre_RLR_Status], [CON_Tyre_RLL_Status], [CON_Tyre_RRR_Status], [CON_Tyre_IsContributory], [DAM_DamagedItems], [DAM_DamagedItems_Other], [DAM_PreAccidentDamages], [DAM_PreAccidentDamages_Other], [DAM_PossibleDR], [DAM_PossibleDR_Other], [DAM_Goods_Type], [DAM_Goods_Weight], [DAM_Goods_Damage], [DAM_IsOverLoaded], [DAM_Is_OL_Contributory], [DAM_OtherVeh_Involved], [DAM_ThirdParty_Damage], [DAM_Injuries], [OTH_Journey_PurposeId], [OTH_Nearest_PoliceStation], [Info1], [Info2], [Info3]) VALUES (1, 1, 2, 1, 1, 3, 2, 1, NULL, NULL, NULL, NULL, NULL, NULL, N'bill boards', CAST(19.000 AS Decimal(18, 3)), N'serious damages', 1, 1, N'none', NULL, NULL, 1, N'Maharagama', NULL, NULL, NULL)
INSERT [dbo].[SAForm_level2] ([VisitId], [CON_Tyre_FR_Status], [CON_Tyre_FL_Status], [CON_Tyre_RRL_Status], [CON_Tyre_RLR_Status], [CON_Tyre_RLL_Status], [CON_Tyre_RRR_Status], [CON_Tyre_IsContributory], [DAM_DamagedItems], [DAM_DamagedItems_Other], [DAM_PreAccidentDamages], [DAM_PreAccidentDamages_Other], [DAM_PossibleDR], [DAM_PossibleDR_Other], [DAM_Goods_Type], [DAM_Goods_Weight], [DAM_Goods_Damage], [DAM_IsOverLoaded], [DAM_Is_OL_Contributory], [DAM_OtherVeh_Involved], [DAM_ThirdParty_Damage], [DAM_Injuries], [OTH_Journey_PurposeId], [OTH_Nearest_PoliceStation], [Info1], [Info2], [Info3]) VALUES (2, 2, 1, 1, 1, 2, 2, 1, NULL, NULL, NULL, NULL, NULL, NULL, N'Tables', CAST(19.000 AS Decimal(18, 3)), N'serious damages', 1, 1, N'none', NULL, NULL, 1, N'Maharagama', NULL, NULL, NULL)
INSERT [dbo].[SAForm_level2] ([VisitId], [CON_Tyre_FR_Status], [CON_Tyre_FL_Status], [CON_Tyre_RRL_Status], [CON_Tyre_RLR_Status], [CON_Tyre_RLL_Status], [CON_Tyre_RRR_Status], [CON_Tyre_IsContributory], [DAM_DamagedItems], [DAM_DamagedItems_Other], [DAM_PreAccidentDamages], [DAM_PreAccidentDamages_Other], [DAM_PossibleDR], [DAM_PossibleDR_Other], [DAM_Goods_Type], [DAM_Goods_Weight], [DAM_Goods_Damage], [DAM_IsOverLoaded], [DAM_Is_OL_Contributory], [DAM_OtherVeh_Involved], [DAM_ThirdParty_Damage], [DAM_Injuries], [OTH_Journey_PurposeId], [OTH_Nearest_PoliceStation], [Info1], [Info2], [Info3]) VALUES (3, 3, 2, 1, 1, 3, 2, 1, NULL, NULL, NULL, NULL, NULL, NULL, N'Water Bottles', CAST(40.000 AS Decimal(18, 3)), N'serious damages', 1, 1, N'none', NULL, NULL, 1, N'Tangalle', NULL, NULL, NULL)
INSERT [dbo].[SAForm_level2] ([VisitId], [CON_Tyre_FR_Status], [CON_Tyre_FL_Status], [CON_Tyre_RRL_Status], [CON_Tyre_RLR_Status], [CON_Tyre_RLL_Status], [CON_Tyre_RRR_Status], [CON_Tyre_IsContributory], [DAM_DamagedItems], [DAM_DamagedItems_Other], [DAM_PreAccidentDamages], [DAM_PreAccidentDamages_Other], [DAM_PossibleDR], [DAM_PossibleDR_Other], [DAM_Goods_Type], [DAM_Goods_Weight], [DAM_Goods_Damage], [DAM_IsOverLoaded], [DAM_Is_OL_Contributory], [DAM_OtherVeh_Involved], [DAM_ThirdParty_Damage], [DAM_Injuries], [OTH_Journey_PurposeId], [OTH_Nearest_PoliceStation], [Info1], [Info2], [Info3]) VALUES (4, 1, 1, 1, 1, 1, 2, 1, NULL, NULL, NULL, NULL, NULL, NULL, N'Water Bottles', CAST(43.000 AS Decimal(18, 3)), N'serious damages', 1, 0, N'none', NULL, NULL, 1, N'Tangalle', NULL, NULL, NULL)
INSERT [dbo].[SAForm_level2] ([VisitId], [CON_Tyre_FR_Status], [CON_Tyre_FL_Status], [CON_Tyre_RRL_Status], [CON_Tyre_RLR_Status], [CON_Tyre_RLL_Status], [CON_Tyre_RRR_Status], [CON_Tyre_IsContributory], [DAM_DamagedItems], [DAM_DamagedItems_Other], [DAM_PreAccidentDamages], [DAM_PreAccidentDamages_Other], [DAM_PossibleDR], [DAM_PossibleDR_Other], [DAM_Goods_Type], [DAM_Goods_Weight], [DAM_Goods_Damage], [DAM_IsOverLoaded], [DAM_Is_OL_Contributory], [DAM_OtherVeh_Involved], [DAM_ThirdParty_Damage], [DAM_Injuries], [OTH_Journey_PurposeId], [OTH_Nearest_PoliceStation], [Info1], [Info2], [Info3]) VALUES (5, 1, 1, 1, 1, 1, 2, 1, NULL, NULL, NULL, NULL, NULL, NULL, N'Cupboard', CAST(15.000 AS Decimal(18, 3)), N'serious damages', 1, 0, N'none', NULL, NULL, 1, N'Kandy', NULL, NULL, NULL)
INSERT [dbo].[SAForm_level2] ([VisitId], [CON_Tyre_FR_Status], [CON_Tyre_FL_Status], [CON_Tyre_RRL_Status], [CON_Tyre_RLR_Status], [CON_Tyre_RLL_Status], [CON_Tyre_RRR_Status], [CON_Tyre_IsContributory], [DAM_DamagedItems], [DAM_DamagedItems_Other], [DAM_PreAccidentDamages], [DAM_PreAccidentDamages_Other], [DAM_PossibleDR], [DAM_PossibleDR_Other], [DAM_Goods_Type], [DAM_Goods_Weight], [DAM_Goods_Damage], [DAM_IsOverLoaded], [DAM_Is_OL_Contributory], [DAM_OtherVeh_Involved], [DAM_ThirdParty_Damage], [DAM_Injuries], [OTH_Journey_PurposeId], [OTH_Nearest_PoliceStation], [Info1], [Info2], [Info3]) VALUES (6, 1, 2, 1, 1, 1, 2, 1, NULL, NULL, NULL, NULL, NULL, NULL, N'computers', CAST(15.000 AS Decimal(18, 3)), N'serious damages', 0, 0, N'none', NULL, NULL, 1, N'Matale', NULL, NULL, NULL)
/****** Object:  Table [dbo].[SAForm_level1]    Script Date: 01/16/2013 10:20:11 ******/
INSERT [dbo].[SAForm_level1] ([VisitId], [GEN_VehicleNo], [GEN_Caller_Name], [GEN_Caller_ContactNo], [GEN_TimeReported], [GEN_OriginalTimeReported], [GEN_Insured_Name], [GEN_Insured_ContactNo], [GEN_VehicleDescription], [GEN_Acc_Time], [GEN_Acc_Location], [POL_Policy_CN_No], [POL_Policy_CN_StartDate], [POL_Policy_CN_EndDate], [POL_Policy_CN_SerialNo], [POL_CN_IssuedBy], [POL_CN_Reasons], [VAD_ChassyNo], [VAD_EngineNo], [VAD_MeterReading], [VAD_DriverName], [VAD_DriverNIC], [VAD_DriverCompetence], [VAD_DriverRelationship], [VAD_License_No], [VAD_License_ExpiryDate], [VAD_License_TypeId], [VAD_License_IsNew], [VAD_License_IsNewOld_TypeId], [OTH_ProcessingBranchId], [OTH_PavValue], [OTH_CSR_Consistency], [OTH_SiteEstimation], [OTH_Approx_RepairCost], [Info1], [Info2], [Info3]) VALUES (1, N'TU-5782', N'Suren', N'0775948433', CAST(0x0000A12500000000 AS DateTime), CAST(0x0000A12500000000 AS DateTime), N'Sanjay', N'038372823', N'Blue Ford', CAST(0x0000A12300000000 AS DateTime), N'near Maradana Station', N'PCN-762381239023', CAST(0x10350B00 AS Date), CAST(0x333C0B00 AS Date), N'No-3923923ui23', N'Dhammika', NULL, N'c3465346346fg456346u', N'e3465346346fg456346u', 67000, N'Abul', N'82036382V', 0, 1, N'23s235235', CAST(0xEB370B00 AS Date), 2, 1, 1, 2, CAST(1200.00 AS Decimal(18, 2)), 1, 1, CAST(12000.00 AS Decimal(18, 2)), NULL, NULL, NULL)
INSERT [dbo].[SAForm_level1] ([VisitId], [GEN_VehicleNo], [GEN_Caller_Name], [GEN_Caller_ContactNo], [GEN_TimeReported], [GEN_OriginalTimeReported], [GEN_Insured_Name], [GEN_Insured_ContactNo], [GEN_VehicleDescription], [GEN_Acc_Time], [GEN_Acc_Location], [POL_Policy_CN_No], [POL_Policy_CN_StartDate], [POL_Policy_CN_EndDate], [POL_Policy_CN_SerialNo], [POL_CN_IssuedBy], [POL_CN_Reasons], [VAD_ChassyNo], [VAD_EngineNo], [VAD_MeterReading], [VAD_DriverName], [VAD_DriverNIC], [VAD_DriverCompetence], [VAD_DriverRelationship], [VAD_License_No], [VAD_License_ExpiryDate], [VAD_License_TypeId], [VAD_License_IsNew], [VAD_License_IsNewOld_TypeId], [OTH_ProcessingBranchId], [OTH_PavValue], [OTH_CSR_Consistency], [OTH_SiteEstimation], [OTH_Approx_RepairCost], [Info1], [Info2], [Info3]) VALUES (2, N'YI-9090', N'Harsha', N'0778768788', CAST(0x0000A12D00000000 AS DateTime), CAST(0x0000A12D00000000 AS DateTime), N'Sanjay', N'038372823', N'Green Honda Insight', CAST(0x0000A12D00000000 AS DateTime), N'Dehiwela', N'PCN-26er3239023', CAST(0x18350B00 AS Date), CAST(0x3B3C0B00 AS Date), N'No-45123923ui23', N'Sajith', NULL, N'34346xc235235235', N'35sdfsdr252352345sdg', 7000, N'Hasitha', N'34634656V', 0, 1, N'346f346346', CAST(0xF2370B00 AS Date), 2, 0, 1, 2, CAST(1700.00 AS Decimal(18, 2)), 1, 1, CAST(179000.00 AS Decimal(18, 2)), NULL, NULL, NULL)
INSERT [dbo].[SAForm_level1] ([VisitId], [GEN_VehicleNo], [GEN_Caller_Name], [GEN_Caller_ContactNo], [GEN_TimeReported], [GEN_OriginalTimeReported], [GEN_Insured_Name], [GEN_Insured_ContactNo], [GEN_VehicleDescription], [GEN_Acc_Time], [GEN_Acc_Location], [POL_Policy_CN_No], [POL_Policy_CN_StartDate], [POL_Policy_CN_EndDate], [POL_Policy_CN_SerialNo], [POL_CN_IssuedBy], [POL_CN_Reasons], [VAD_ChassyNo], [VAD_EngineNo], [VAD_MeterReading], [VAD_DriverName], [VAD_DriverNIC], [VAD_DriverCompetence], [VAD_DriverRelationship], [VAD_License_No], [VAD_License_ExpiryDate], [VAD_License_TypeId], [VAD_License_IsNew], [VAD_License_IsNewOld_TypeId], [OTH_ProcessingBranchId], [OTH_PavValue], [OTH_CSR_Consistency], [OTH_SiteEstimation], [OTH_Approx_RepairCost], [Info1], [Info2], [Info3]) VALUES (3, N'UO-2343', N'Harsha', N'0778768788', CAST(0x0000A12D00000000 AS DateTime), CAST(0x0000A12D00000000 AS DateTime), N'Sanjay', N'038372823', N'Honda Insight', CAST(0x0000A12D00000000 AS DateTime), N'Dehiwela', N'PCN-26er3239023', CAST(0x18350B00 AS Date), CAST(0x3B3C0B00 AS Date), N'No-45123923ui23', N'Sajith', NULL, N'dfgh345634646346346', N'ds2345235235235235', 7000, N'Hasitha', N'34634656V', 0, 1, N'2345235df45', CAST(0xF2370B00 AS Date), 2, 1, 1, 2, CAST(1700.00 AS Decimal(18, 2)), 1, 1, CAST(19000.00 AS Decimal(18, 2)), NULL, NULL, NULL)
INSERT [dbo].[SAForm_level1] ([VisitId], [GEN_VehicleNo], [GEN_Caller_Name], [GEN_Caller_ContactNo], [GEN_TimeReported], [GEN_OriginalTimeReported], [GEN_Insured_Name], [GEN_Insured_ContactNo], [GEN_VehicleDescription], [GEN_Acc_Time], [GEN_Acc_Location], [POL_Policy_CN_No], [POL_Policy_CN_StartDate], [POL_Policy_CN_EndDate], [POL_Policy_CN_SerialNo], [POL_CN_IssuedBy], [POL_CN_Reasons], [VAD_ChassyNo], [VAD_EngineNo], [VAD_MeterReading], [VAD_DriverName], [VAD_DriverNIC], [VAD_DriverCompetence], [VAD_DriverRelationship], [VAD_License_No], [VAD_License_ExpiryDate], [VAD_License_TypeId], [VAD_License_IsNew], [VAD_License_IsNewOld_TypeId], [OTH_ProcessingBranchId], [OTH_PavValue], [OTH_CSR_Consistency], [OTH_SiteEstimation], [OTH_Approx_RepairCost], [Info1], [Info2], [Info3]) VALUES (4, N'GH-2214', N'Harsha', N'0778768788', CAST(0x0000A12D00000000 AS DateTime), CAST(0x0000A12D00000000 AS DateTime), N'Sanjay', N'038372823', N'Mazda', CAST(0x0000A12D00000000 AS DateTime), N'Dehiwela', N'PCN-26er3239023', CAST(0x18350B00 AS Date), CAST(0x3B3C0B00 AS Date), N'No-45123923ui23', N'Sajith', NULL, N'5645745df456346', N'41779689cv356346', 7000, N'Haren', N'89124124V', 0, 1, N'asfr34124as12', CAST(0xF2370B00 AS Date), 2, 0, 1, 2, CAST(1700.00 AS Decimal(18, 2)), 1, 1, CAST(19000.00 AS Decimal(18, 2)), NULL, NULL, NULL)
INSERT [dbo].[SAForm_level1] ([VisitId], [GEN_VehicleNo], [GEN_Caller_Name], [GEN_Caller_ContactNo], [GEN_TimeReported], [GEN_OriginalTimeReported], [GEN_Insured_Name], [GEN_Insured_ContactNo], [GEN_VehicleDescription], [GEN_Acc_Time], [GEN_Acc_Location], [POL_Policy_CN_No], [POL_Policy_CN_StartDate], [POL_Policy_CN_EndDate], [POL_Policy_CN_SerialNo], [POL_CN_IssuedBy], [POL_CN_Reasons], [VAD_ChassyNo], [VAD_EngineNo], [VAD_MeterReading], [VAD_DriverName], [VAD_DriverNIC], [VAD_DriverCompetence], [VAD_DriverRelationship], [VAD_License_No], [VAD_License_ExpiryDate], [VAD_License_TypeId], [VAD_License_IsNew], [VAD_License_IsNewOld_TypeId], [OTH_ProcessingBranchId], [OTH_PavValue], [OTH_CSR_Consistency], [OTH_SiteEstimation], [OTH_Approx_RepairCost], [Info1], [Info2], [Info3]) VALUES (5, N'SN-4672', N'Harsha', N'0778346234', CAST(0x0000A12D00000000 AS DateTime), CAST(0x0000A12D00000000 AS DateTime), N'Sanjay', N'038372823', N'Mazda', CAST(0x0000A12D00000000 AS DateTime), N'Dehiwela', N'PCN-26er3239023', CAST(0x18350B00 AS Date), CAST(0x3B3C0B00 AS Date), N'No-45123923ui23', N'Sajith', NULL, N'3453465346vfsdf', N'124124sdgsgw', 7000, N'Haren', N'87345325V', 0, 1, N'sdff234124', CAST(0xD4370B00 AS Date), 2, 1, 1, 2, CAST(1700.00 AS Decimal(18, 2)), 1, 1, CAST(19000.00 AS Decimal(18, 2)), NULL, NULL, NULL)
INSERT [dbo].[SAForm_level1] ([VisitId], [GEN_VehicleNo], [GEN_Caller_Name], [GEN_Caller_ContactNo], [GEN_TimeReported], [GEN_OriginalTimeReported], [GEN_Insured_Name], [GEN_Insured_ContactNo], [GEN_VehicleDescription], [GEN_Acc_Time], [GEN_Acc_Location], [POL_Policy_CN_No], [POL_Policy_CN_StartDate], [POL_Policy_CN_EndDate], [POL_Policy_CN_SerialNo], [POL_CN_IssuedBy], [POL_CN_Reasons], [VAD_ChassyNo], [VAD_EngineNo], [VAD_MeterReading], [VAD_DriverName], [VAD_DriverNIC], [VAD_DriverCompetence], [VAD_DriverRelationship], [VAD_License_No], [VAD_License_ExpiryDate], [VAD_License_TypeId], [VAD_License_IsNew], [VAD_License_IsNewOld_TypeId], [OTH_ProcessingBranchId], [OTH_PavValue], [OTH_CSR_Consistency], [OTH_SiteEstimation], [OTH_Approx_RepairCost], [Info1], [Info2], [Info3]) VALUES (6, N'TH-2934', N'Maduranga', N'05783939039', CAST(0x0000A12D00000000 AS DateTime), CAST(0x0000A12D00000000 AS DateTime), N'Sanjay', N'038372823', N'Mazda', CAST(0x0000A12D00000000 AS DateTime), N'Maharagama', N'PCN-45645747', CAST(0x18350B00 AS Date), CAST(0x3B3C0B00 AS Date), N'No-45235235', N'Sajith', NULL, N'2352358970sdfgsg', N'6790923dfhsdg345', 7000, N'Mahendran', N'782345235V', 1, 0, N'sdff234124', CAST(0xD4370B00 AS Date), 1, 0, 1, 1, CAST(9000.00 AS Decimal(18, 2)), 1, 1, CAST(89000.00 AS Decimal(18, 2)), NULL, NULL, NULL)
/****** Object:  Table [dbo].[Branches]    Script Date: 01/16/2013 10:20:11 ******/
SET IDENTITY_INSERT [dbo].[Branches] ON
INSERT [dbo].[Branches] ([BranchId], [RegionId], [BranchName], [BranchCode], [BranchAddress], [IsEnabled], [IsDeleted], [CreatedBy], [CreatedDate], [UpdatedBy], [UpdatedDate], [DeletedDate], [Info1], [Info2], [Info3]) VALUES (1, 2, N'KALUTARA', N'1', N'5555', 1, 0, 3, CAST(0x0000A13200B7CF81 AS DateTime), 3, CAST(0x0000A1350114A69F AS DateTime), NULL, NULL, NULL, NULL)
INSERT [dbo].[Branches] ([BranchId], [RegionId], [BranchName], [BranchCode], [BranchAddress], [IsEnabled], [IsDeleted], [CreatedBy], [CreatedDate], [UpdatedBy], [UpdatedDate], [DeletedDate], [Info1], [Info2], [Info3]) VALUES (2, 6, N'RATNAPURA', N'2', NULL, 0, 0, 3, CAST(0x0000A13200B7CF81 AS DateTime), NULL, NULL, NULL, NULL, NULL, NULL)
INSERT [dbo].[Branches] ([BranchId], [RegionId], [BranchName], [BranchCode], [BranchAddress], [IsEnabled], [IsDeleted], [CreatedBy], [CreatedDate], [UpdatedBy], [UpdatedDate], [DeletedDate], [Info1], [Info2], [Info3]) VALUES (3, 7, N'GALLE', N'3', N'hjhjhj', 0, 0, 3, CAST(0x0000A13200B7CF81 AS DateTime), 3, CAST(0x0000A12C00DA98CC AS DateTime), NULL, NULL, NULL, NULL)
INSERT [dbo].[Branches] ([BranchId], [RegionId], [BranchName], [BranchCode], [BranchAddress], [IsEnabled], [IsDeleted], [CreatedBy], [CreatedDate], [UpdatedBy], [UpdatedDate], [DeletedDate], [Info1], [Info2], [Info3]) VALUES (4, 8, N'MATARA', N'4', NULL, 0, 0, 3, CAST(0x0000A13200B7CF81 AS DateTime), NULL, NULL, NULL, NULL, NULL, NULL)
INSERT [dbo].[Branches] ([BranchId], [RegionId], [BranchName], [BranchCode], [BranchAddress], [IsEnabled], [IsDeleted], [CreatedBy], [CreatedDate], [UpdatedBy], [UpdatedDate], [DeletedDate], [Info1], [Info2], [Info3]) VALUES (5, 10, N'KANDY', N'5', N'555555 test', 1, 0, 3, CAST(0x0000A13200B7CF81 AS DateTime), 3, CAST(0x0000A13300B7CF81 AS DateTime), NULL, NULL, NULL, NULL)
INSERT [dbo].[Branches] ([BranchId], [RegionId], [BranchName], [BranchCode], [BranchAddress], [IsEnabled], [IsDeleted], [CreatedBy], [CreatedDate], [UpdatedBy], [UpdatedDate], [DeletedDate], [Info1], [Info2], [Info3]) VALUES (6, NULL, N'KEGALLE', N'6', NULL, 1, 1, 3, CAST(0x0000A13200B7CF81 AS DateTime), NULL, NULL, NULL, NULL, NULL, NULL)
INSERT [dbo].[Branches] ([BranchId], [RegionId], [BranchName], [BranchCode], [BranchAddress], [IsEnabled], [IsDeleted], [CreatedBy], [CreatedDate], [UpdatedBy], [UpdatedDate], [DeletedDate], [Info1], [Info2], [Info3]) VALUES (7, 11, N'A''PURA', N'7', NULL, 1, 0, 3, CAST(0x0000A13200B7CF81 AS DateTime), NULL, NULL, NULL, NULL, NULL, NULL)
INSERT [dbo].[Branches] ([BranchId], [RegionId], [BranchName], [BranchCode], [BranchAddress], [IsEnabled], [IsDeleted], [CreatedBy], [CreatedDate], [UpdatedBy], [UpdatedDate], [DeletedDate], [Info1], [Info2], [Info3]) VALUES (8, NULL, N'NEGOMBO', N'8', NULL, 1, 0, 3, CAST(0x0000A13200B7CF81 AS DateTime), NULL, NULL, NULL, NULL, NULL, NULL)
INSERT [dbo].[Branches] ([BranchId], [RegionId], [BranchName], [BranchCode], [BranchAddress], [IsEnabled], [IsDeleted], [CreatedBy], [CreatedDate], [UpdatedBy], [UpdatedDate], [DeletedDate], [Info1], [Info2], [Info3]) VALUES (9, NULL, N'KURUNEGALA ', N'9', NULL, 1, 1, 3, CAST(0x0000A13200B7CF81 AS DateTime), NULL, NULL, NULL, NULL, NULL, NULL)
INSERT [dbo].[Branches] ([BranchId], [RegionId], [BranchName], [BranchCode], [BranchAddress], [IsEnabled], [IsDeleted], [CreatedBy], [CreatedDate], [UpdatedBy], [UpdatedDate], [DeletedDate], [Info1], [Info2], [Info3]) VALUES (10, NULL, N'BADULLA', N'10', NULL, 1, 0, 3, CAST(0x0000A13200B7CF81 AS DateTime), NULL, NULL, NULL, NULL, NULL, NULL)
INSERT [dbo].[Branches] ([BranchId], [RegionId], [BranchName], [BranchCode], [BranchAddress], [IsEnabled], [IsDeleted], [CreatedBy], [CreatedDate], [UpdatedBy], [UpdatedDate], [DeletedDate], [Info1], [Info2], [Info3]) VALUES (11, NULL, N'BATTICOLAO', N'11', NULL, 1, 1, 3, CAST(0x0000A13200B7CF81 AS DateTime), NULL, NULL, NULL, NULL, NULL, NULL)
INSERT [dbo].[Branches] ([BranchId], [RegionId], [BranchName], [BranchCode], [BranchAddress], [IsEnabled], [IsDeleted], [CreatedBy], [CreatedDate], [UpdatedBy], [UpdatedDate], [DeletedDate], [Info1], [Info2], [Info3]) VALUES (12, NULL, N'JAELA ', N'12', NULL, 1, 0, 3, CAST(0x0000A13200B7CF81 AS DateTime), NULL, NULL, NULL, NULL, NULL, NULL)
INSERT [dbo].[Branches] ([BranchId], [RegionId], [BranchName], [BranchCode], [BranchAddress], [IsEnabled], [IsDeleted], [CreatedBy], [CreatedDate], [UpdatedBy], [UpdatedDate], [DeletedDate], [Info1], [Info2], [Info3]) VALUES (13, 7, N'AMBALANGODA ', N'13', N'111111', 1, 0, 3, CAST(0x0000A13200B7CF81 AS DateTime), 3, CAST(0x0000A14700CE36E4 AS DateTime), NULL, NULL, NULL, NULL)
INSERT [dbo].[Branches] ([BranchId], [RegionId], [BranchName], [BranchCode], [BranchAddress], [IsEnabled], [IsDeleted], [CreatedBy], [CreatedDate], [UpdatedBy], [UpdatedDate], [DeletedDate], [Info1], [Info2], [Info3]) VALUES (14, 9, N'AMBALANTOTA ', N'14', NULL, 1, 0, 3, CAST(0x0000A13200B7CF81 AS DateTime), NULL, NULL, NULL, NULL, NULL, NULL)
INSERT [dbo].[Branches] ([BranchId], [RegionId], [BranchName], [BranchCode], [BranchAddress], [IsEnabled], [IsDeleted], [CreatedBy], [CreatedDate], [UpdatedBy], [UpdatedDate], [DeletedDate], [Info1], [Info2], [Info3]) VALUES (15, 9, N'BELIATTA ', N'15', NULL, 1, 0, 3, CAST(0x0000A13200B7CF81 AS DateTime), NULL, NULL, NULL, NULL, NULL, NULL)
INSERT [dbo].[Branches] ([BranchId], [RegionId], [BranchName], [BranchCode], [BranchAddress], [IsEnabled], [IsDeleted], [CreatedBy], [CreatedDate], [UpdatedBy], [UpdatedDate], [DeletedDate], [Info1], [Info2], [Info3]) VALUES (16, 8, N'DENIYAYA', N'16', NULL, 1, 0, 3, CAST(0x0000A13200B7CF81 AS DateTime), NULL, NULL, NULL, NULL, NULL, NULL)
INSERT [dbo].[Branches] ([BranchId], [RegionId], [BranchName], [BranchCode], [BranchAddress], [IsEnabled], [IsDeleted], [CreatedBy], [CreatedDate], [UpdatedBy], [UpdatedDate], [DeletedDate], [Info1], [Info2], [Info3]) VALUES (17, NULL, N'MATALE ', N'17', NULL, 1, 0, 3, CAST(0x0000A13200B7CF81 AS DateTime), NULL, NULL, NULL, NULL, NULL, NULL)
INSERT [dbo].[Branches] ([BranchId], [RegionId], [BranchName], [BranchCode], [BranchAddress], [IsEnabled], [IsDeleted], [CreatedBy], [CreatedDate], [UpdatedBy], [UpdatedDate], [DeletedDate], [Info1], [Info2], [Info3]) VALUES (18, NULL, N'TRINCOMALEE', N'18', NULL, 1, 0, 3, CAST(0x0000A13200B7CF81 AS DateTime), NULL, NULL, NULL, NULL, NULL, NULL)
INSERT [dbo].[Branches] ([BranchId], [RegionId], [BranchName], [BranchCode], [BranchAddress], [IsEnabled], [IsDeleted], [CreatedBy], [CreatedDate], [UpdatedBy], [UpdatedDate], [DeletedDate], [Info1], [Info2], [Info3]) VALUES (19, NULL, N'MAHIYANGANAYA', N'19', NULL, 1, 0, 3, CAST(0x0000A13200B7CF81 AS DateTime), NULL, NULL, NULL, NULL, NULL, NULL)
INSERT [dbo].[Branches] ([BranchId], [RegionId], [BranchName], [BranchCode], [BranchAddress], [IsEnabled], [IsDeleted], [CreatedBy], [CreatedDate], [UpdatedBy], [UpdatedDate], [DeletedDate], [Info1], [Info2], [Info3]) VALUES (20, NULL, N'CHILAW', N'20', NULL, 1, 0, 3, CAST(0x0000A13200B7CF81 AS DateTime), NULL, NULL, NULL, NULL, NULL, NULL)
INSERT [dbo].[Branches] ([BranchId], [RegionId], [BranchName], [BranchCode], [BranchAddress], [IsEnabled], [IsDeleted], [CreatedBy], [CreatedDate], [UpdatedBy], [UpdatedDate], [DeletedDate], [Info1], [Info2], [Info3]) VALUES (21, NULL, N'KULIYAPITIYA ', N'21', NULL, 1, 0, 3, CAST(0x0000A13200B7CF81 AS DateTime), NULL, NULL, NULL, NULL, NULL, NULL)
INSERT [dbo].[Branches] ([BranchId], [RegionId], [BranchName], [BranchCode], [BranchAddress], [IsEnabled], [IsDeleted], [CreatedBy], [CreatedDate], [UpdatedBy], [UpdatedDate], [DeletedDate], [Info1], [Info2], [Info3]) VALUES (22, NULL, N'PUTTALAM', N'22', NULL, 1, 0, 3, CAST(0x0000A13200B7CF81 AS DateTime), NULL, NULL, NULL, NULL, NULL, NULL)
INSERT [dbo].[Branches] ([BranchId], [RegionId], [BranchName], [BranchCode], [BranchAddress], [IsEnabled], [IsDeleted], [CreatedBy], [CreatedDate], [UpdatedBy], [UpdatedDate], [DeletedDate], [Info1], [Info2], [Info3]) VALUES (23, NULL, N'N''ELIYA ', N'23', NULL, 1, 0, 3, CAST(0x0000A13200B7CF81 AS DateTime), NULL, NULL, NULL, NULL, NULL, NULL)
INSERT [dbo].[Branches] ([BranchId], [RegionId], [BranchName], [BranchCode], [BranchAddress], [IsEnabled], [IsDeleted], [CreatedBy], [CreatedDate], [UpdatedBy], [UpdatedDate], [DeletedDate], [Info1], [Info2], [Info3]) VALUES (24, 12, N'MONARAGALA ', N'24', NULL, 1, 0, 3, CAST(0x0000A13200B7CF81 AS DateTime), NULL, NULL, NULL, NULL, NULL, NULL)
INSERT [dbo].[Branches] ([BranchId], [RegionId], [BranchName], [BranchCode], [BranchAddress], [IsEnabled], [IsDeleted], [CreatedBy], [CreatedDate], [UpdatedBy], [UpdatedDate], [DeletedDate], [Info1], [Info2], [Info3]) VALUES (25, 6, N'AVISSAWELLA', N'25', NULL, 1, 0, 3, CAST(0x0000A13200B7CF81 AS DateTime), NULL, NULL, NULL, NULL, NULL, NULL)
INSERT [dbo].[Branches] ([BranchId], [RegionId], [BranchName], [BranchCode], [BranchAddress], [IsEnabled], [IsDeleted], [CreatedBy], [CreatedDate], [UpdatedBy], [UpdatedDate], [DeletedDate], [Info1], [Info2], [Info3]) VALUES (26, NULL, N'DAMBULLA', N'26', NULL, 1, 0, 3, CAST(0x0000A13200B7CF81 AS DateTime), NULL, NULL, NULL, NULL, NULL, NULL)
INSERT [dbo].[Branches] ([BranchId], [RegionId], [BranchName], [BranchCode], [BranchAddress], [IsEnabled], [IsDeleted], [CreatedBy], [CreatedDate], [UpdatedBy], [UpdatedDate], [DeletedDate], [Info1], [Info2], [Info3]) VALUES (27, NULL, N'GAMPAHA ', N'27', NULL, 1, 0, 3, CAST(0x0000A13200B7CF81 AS DateTime), NULL, NULL, NULL, NULL, NULL, NULL)
INSERT [dbo].[Branches] ([BranchId], [RegionId], [BranchName], [BranchCode], [BranchAddress], [IsEnabled], [IsDeleted], [CreatedBy], [CreatedDate], [UpdatedBy], [UpdatedDate], [DeletedDate], [Info1], [Info2], [Info3]) VALUES (28, 5, N'HORANA ', N'28', NULL, 1, 0, 3, CAST(0x0000A13200B7CF81 AS DateTime), NULL, NULL, NULL, NULL, NULL, NULL)
INSERT [dbo].[Branches] ([BranchId], [RegionId], [BranchName], [BranchCode], [BranchAddress], [IsEnabled], [IsDeleted], [CreatedBy], [CreatedDate], [UpdatedBy], [UpdatedDate], [DeletedDate], [Info1], [Info2], [Info3]) VALUES (29, NULL, N'BANDARAWELA', N'29', NULL, 1, 0, 3, CAST(0x0000A13200B7CF81 AS DateTime), NULL, NULL, NULL, NULL, NULL, NULL)
INSERT [dbo].[Branches] ([BranchId], [RegionId], [BranchName], [BranchCode], [BranchAddress], [IsEnabled], [IsDeleted], [CreatedBy], [CreatedDate], [UpdatedBy], [UpdatedDate], [DeletedDate], [Info1], [Info2], [Info3]) VALUES (30, 4, N'RATMALANA', N'30', NULL, 1, 0, 3, CAST(0x0000A13200B7CF81 AS DateTime), NULL, NULL, NULL, NULL, NULL, NULL)
INSERT [dbo].[Branches] ([BranchId], [RegionId], [BranchName], [BranchCode], [BranchAddress], [IsEnabled], [IsDeleted], [CreatedBy], [CreatedDate], [UpdatedBy], [UpdatedDate], [DeletedDate], [Info1], [Info2], [Info3]) VALUES (31, 6, N'EMBILIPITIYA ', N'31', NULL, 1, 0, 3, CAST(0x0000A13200B7CF81 AS DateTime), NULL, NULL, NULL, NULL, NULL, NULL)
INSERT [dbo].[Branches] ([BranchId], [RegionId], [BranchName], [BranchCode], [BranchAddress], [IsEnabled], [IsDeleted], [CreatedBy], [CreatedDate], [UpdatedBy], [UpdatedDate], [DeletedDate], [Info1], [Info2], [Info3]) VALUES (32, NULL, N'HATTON', N'32', NULL, 1, 1, 3, CAST(0x0000A13200B7CF81 AS DateTime), NULL, NULL, NULL, NULL, NULL, NULL)
INSERT [dbo].[Branches] ([BranchId], [RegionId], [BranchName], [BranchCode], [BranchAddress], [IsEnabled], [IsDeleted], [CreatedBy], [CreatedDate], [UpdatedBy], [UpdatedDate], [DeletedDate], [Info1], [Info2], [Info3]) VALUES (33, 8, N'DICKWELLA', N'33', NULL, 1, 0, 3, CAST(0x0000A13200B7CF81 AS DateTime), NULL, NULL, NULL, NULL, NULL, NULL)
INSERT [dbo].[Branches] ([BranchId], [RegionId], [BranchName], [BranchCode], [BranchAddress], [IsEnabled], [IsDeleted], [CreatedBy], [CreatedDate], [UpdatedBy], [UpdatedDate], [DeletedDate], [Info1], [Info2], [Info3]) VALUES (34, 6, N'BALANGODA', N'34', NULL, 1, 0, 3, CAST(0x0000A13200B7CF81 AS DateTime), NULL, NULL, NULL, NULL, NULL, NULL)
INSERT [dbo].[Branches] ([BranchId], [RegionId], [BranchName], [BranchCode], [BranchAddress], [IsEnabled], [IsDeleted], [CreatedBy], [CreatedDate], [UpdatedBy], [UpdatedDate], [DeletedDate], [Info1], [Info2], [Info3]) VALUES (35, NULL, N'KADURUWELA ', N'35', NULL, 1, 0, 3, CAST(0x0000A13200B7CF81 AS DateTime), NULL, NULL, NULL, NULL, NULL, NULL)
INSERT [dbo].[Branches] ([BranchId], [RegionId], [BranchName], [BranchCode], [BranchAddress], [IsEnabled], [IsDeleted], [CreatedBy], [CreatedDate], [UpdatedBy], [UpdatedDate], [DeletedDate], [Info1], [Info2], [Info3]) VALUES (36, 9, N'TISSAMAHARAMA', N'36', NULL, 1, 0, 3, CAST(0x0000A13200B7CF81 AS DateTime), NULL, NULL, NULL, NULL, NULL, NULL)
INSERT [dbo].[Branches] ([BranchId], [RegionId], [BranchName], [BranchCode], [BranchAddress], [IsEnabled], [IsDeleted], [CreatedBy], [CreatedDate], [UpdatedBy], [UpdatedDate], [DeletedDate], [Info1], [Info2], [Info3]) VALUES (49, 2, N'name', N'code', N'addr', 1, 0, 3, CAST(0x0000A13200B7CF81 AS DateTime), NULL, NULL, NULL, NULL, NULL, NULL)
INSERT [dbo].[Branches] ([BranchId], [RegionId], [BranchName], [BranchCode], [BranchAddress], [IsEnabled], [IsDeleted], [CreatedBy], [CreatedDate], [UpdatedBy], [UpdatedDate], [DeletedDate], [Info1], [Info2], [Info3]) VALUES (50, 2, N'aaaa', N'aaaaa', N'aaaaa', 1, 0, 3, CAST(0x0000A13200B7CF81 AS DateTime), NULL, NULL, NULL, NULL, NULL, NULL)
INSERT [dbo].[Branches] ([BranchId], [RegionId], [BranchName], [BranchCode], [BranchAddress], [IsEnabled], [IsDeleted], [CreatedBy], [CreatedDate], [UpdatedBy], [UpdatedDate], [DeletedDate], [Info1], [Info2], [Info3]) VALUES (51, 2, N'w', N'w', N'w', 1, 0, 3, CAST(0x0000A13200B7CF81 AS DateTime), NULL, NULL, NULL, NULL, NULL, NULL)
INSERT [dbo].[Branches] ([BranchId], [RegionId], [BranchName], [BranchCode], [BranchAddress], [IsEnabled], [IsDeleted], [CreatedBy], [CreatedDate], [UpdatedBy], [UpdatedDate], [DeletedDate], [Info1], [Info2], [Info3]) VALUES (52, 2, N'ww', N'ww', N'ww', 1, 0, 3, CAST(0x0000A13200B7CF81 AS DateTime), NULL, NULL, NULL, NULL, NULL, NULL)
INSERT [dbo].[Branches] ([BranchId], [RegionId], [BranchName], [BranchCode], [BranchAddress], [IsEnabled], [IsDeleted], [CreatedBy], [CreatedDate], [UpdatedBy], [UpdatedDate], [DeletedDate], [Info1], [Info2], [Info3]) VALUES (53, 4, N'58', N'585', N'85', 1, 0, 3, CAST(0x0000A13200B7CF81 AS DateTime), NULL, NULL, NULL, NULL, NULL, NULL)
INSERT [dbo].[Branches] ([BranchId], [RegionId], [BranchName], [BranchCode], [BranchAddress], [IsEnabled], [IsDeleted], [CreatedBy], [CreatedDate], [UpdatedBy], [UpdatedDate], [DeletedDate], [Info1], [Info2], [Info3]) VALUES (54, 7, N'ttttt', N'ttttt', N'ttttt', 1, 0, 3, CAST(0x0000A13200B7CF81 AS DateTime), NULL, NULL, NULL, NULL, NULL, NULL)
INSERT [dbo].[Branches] ([BranchId], [RegionId], [BranchName], [BranchCode], [BranchAddress], [IsEnabled], [IsDeleted], [CreatedBy], [CreatedDate], [UpdatedBy], [UpdatedDate], [DeletedDate], [Info1], [Info2], [Info3]) VALUES (55, 4, N'Branch Name 1234', N'BCode123', N'test s', 1, 0, 3, CAST(0x0000A13200B7CF81 AS DateTime), NULL, NULL, NULL, NULL, NULL, NULL)
INSERT [dbo].[Branches] ([BranchId], [RegionId], [BranchName], [BranchCode], [BranchAddress], [IsEnabled], [IsDeleted], [CreatedBy], [CreatedDate], [UpdatedBy], [UpdatedDate], [DeletedDate], [Info1], [Info2], [Info3]) VALUES (56, 4, N'35235235 test', N'erer4456', N'325235 test', 1, 0, 3, CAST(0x0000A13200B7CF81 AS DateTime), 3, CAST(0x0000A13300C13AC6 AS DateTime), NULL, NULL, NULL, NULL)
INSERT [dbo].[Branches] ([BranchId], [RegionId], [BranchName], [BranchCode], [BranchAddress], [IsEnabled], [IsDeleted], [CreatedBy], [CreatedDate], [UpdatedBy], [UpdatedDate], [DeletedDate], [Info1], [Info2], [Info3]) VALUES (58, 33, N'1new Branch', N'1143', N'address', 1, 0, 3, CAST(0x0000A14200E06FF4 AS DateTime), 3, CAST(0x0000A14200E0ACB1 AS DateTime), NULL, NULL, NULL, NULL)
INSERT [dbo].[Branches] ([BranchId], [RegionId], [BranchName], [BranchCode], [BranchAddress], [IsEnabled], [IsDeleted], [CreatedBy], [CreatedDate], [UpdatedBy], [UpdatedDate], [DeletedDate], [Info1], [Info2], [Info3]) VALUES (59, 33, N'2 New Branch', N'1144', N'Address', 1, 0, 3, CAST(0x0000A14201043D56 AS DateTime), NULL, NULL, NULL, NULL, NULL, NULL)
INSERT [dbo].[Branches] ([BranchId], [RegionId], [BranchName], [BranchCode], [BranchAddress], [IsEnabled], [IsDeleted], [CreatedBy], [CreatedDate], [UpdatedBy], [UpdatedDate], [DeletedDate], [Info1], [Info2], [Info3]) VALUES (60, 31, N'3new branch1', N'1145', N'address2', 1, 1, 3, CAST(0x0000A1420107D907 AS DateTime), 3, CAST(0x0000A14201088FF3 AS DateTime), CAST(0x0000A1420108C437 AS DateTime), NULL, NULL, NULL)
SET IDENTITY_INSERT [dbo].[Branches] OFF
/****** Object:  Table [dbo].[SAForm_VehicleClasses]    Script Date: 01/16/2013 10:20:11 ******/
INSERT [dbo].[SAForm_VehicleClasses] ([VisitId], [VehicleClassId]) VALUES (1, 21)
INSERT [dbo].[SAForm_VehicleClasses] ([VisitId], [VehicleClassId]) VALUES (1, 22)
INSERT [dbo].[SAForm_VehicleClasses] ([VisitId], [VehicleClassId]) VALUES (1, 24)
INSERT [dbo].[SAForm_VehicleClasses] ([VisitId], [VehicleClassId]) VALUES (1, 26)
INSERT [dbo].[SAForm_VehicleClasses] ([VisitId], [VehicleClassId]) VALUES (2, 2)
INSERT [dbo].[SAForm_VehicleClasses] ([VisitId], [VehicleClassId]) VALUES (2, 4)
INSERT [dbo].[SAForm_VehicleClasses] ([VisitId], [VehicleClassId]) VALUES (2, 5)
INSERT [dbo].[SAForm_VehicleClasses] ([VisitId], [VehicleClassId]) VALUES (2, 7)
INSERT [dbo].[SAForm_VehicleClasses] ([VisitId], [VehicleClassId]) VALUES (3, 22)
INSERT [dbo].[SAForm_VehicleClasses] ([VisitId], [VehicleClassId]) VALUES (3, 28)
INSERT [dbo].[SAForm_VehicleClasses] ([VisitId], [VehicleClassId]) VALUES (3, 29)
INSERT [dbo].[SAForm_VehicleClasses] ([VisitId], [VehicleClassId]) VALUES (3, 31)
INSERT [dbo].[SAForm_VehicleClasses] ([VisitId], [VehicleClassId]) VALUES (4, 5)
INSERT [dbo].[SAForm_VehicleClasses] ([VisitId], [VehicleClassId]) VALUES (4, 8)
INSERT [dbo].[SAForm_VehicleClasses] ([VisitId], [VehicleClassId]) VALUES (4, 11)
/****** Object:  Table [dbo].[Regions]    Script Date: 01/16/2013 10:20:11 ******/
SET IDENTITY_INSERT [dbo].[Regions] ON
INSERT [dbo].[Regions] ([RegionId], [RegionName], [RegionCode], [IsEnabled], [IsDeleted], [CreatedBy], [CreatedDate], [UpdatedBy], [UpdatedDate], [DeletedDate], [Info1], [Info2], [Info3]) VALUES (2, N'HeadOffice', N'HO-001', 1, 0, 3, CAST(0x0000A0E600000000 AS DateTime), NULL, NULL, NULL, NULL, NULL, NULL)
INSERT [dbo].[Regions] ([RegionId], [RegionName], [RegionCode], [IsEnabled], [IsDeleted], [CreatedBy], [CreatedDate], [UpdatedBy], [UpdatedDate], [DeletedDate], [Info1], [Info2], [Info3]) VALUES (4, N'Colombo', N'CO-001', 1, 1, 3, CAST(0x0000A12500000000 AS DateTime), NULL, NULL, NULL, NULL, NULL, NULL)
INSERT [dbo].[Regions] ([RegionId], [RegionName], [RegionCode], [IsEnabled], [IsDeleted], [CreatedBy], [CreatedDate], [UpdatedBy], [UpdatedDate], [DeletedDate], [Info1], [Info2], [Info3]) VALUES (5, N'Kaluthara', N'KA-001', 1, 1, 3, CAST(0x0000A12500000000 AS DateTime), NULL, NULL, NULL, NULL, NULL, NULL)
INSERT [dbo].[Regions] ([RegionId], [RegionName], [RegionCode], [IsEnabled], [IsDeleted], [CreatedBy], [CreatedDate], [UpdatedBy], [UpdatedDate], [DeletedDate], [Info1], [Info2], [Info3]) VALUES (6, N'Rathnapura', N'RA-001', 1, 0, 3, CAST(0x0000A12500000000 AS DateTime), NULL, NULL, NULL, NULL, NULL, NULL)
INSERT [dbo].[Regions] ([RegionId], [RegionName], [RegionCode], [IsEnabled], [IsDeleted], [CreatedBy], [CreatedDate], [UpdatedBy], [UpdatedDate], [DeletedDate], [Info1], [Info2], [Info3]) VALUES (7, N'Galle ', N'GA-001', 1, 1, 3, CAST(0x0000A12500000000 AS DateTime), NULL, NULL, NULL, NULL, NULL, NULL)
INSERT [dbo].[Regions] ([RegionId], [RegionName], [RegionCode], [IsEnabled], [IsDeleted], [CreatedBy], [CreatedDate], [UpdatedBy], [UpdatedDate], [DeletedDate], [Info1], [Info2], [Info3]) VALUES (8, N'Matara', N'MA-001', 1, 0, 3, CAST(0x0000A12500000000 AS DateTime), NULL, NULL, NULL, NULL, NULL, NULL)
INSERT [dbo].[Regions] ([RegionId], [RegionName], [RegionCode], [IsEnabled], [IsDeleted], [CreatedBy], [CreatedDate], [UpdatedBy], [UpdatedDate], [DeletedDate], [Info1], [Info2], [Info3]) VALUES (9, N'Hambanthota', N'HA-001', 1, 0, 3, CAST(0x0000A12500000000 AS DateTime), 3, CAST(0x0000A12A00DAA6FB AS DateTime), NULL, NULL, NULL, NULL)
INSERT [dbo].[Regions] ([RegionId], [RegionName], [RegionCode], [IsEnabled], [IsDeleted], [CreatedBy], [CreatedDate], [UpdatedBy], [UpdatedDate], [DeletedDate], [Info1], [Info2], [Info3]) VALUES (10, N'Kandy', N'KA-001', 1, 1, 3, CAST(0x0000A12500000000 AS DateTime), NULL, NULL, NULL, NULL, NULL, NULL)
INSERT [dbo].[Regions] ([RegionId], [RegionName], [RegionCode], [IsEnabled], [IsDeleted], [CreatedBy], [CreatedDate], [UpdatedBy], [UpdatedDate], [DeletedDate], [Info1], [Info2], [Info3]) VALUES (11, N'Anuradhapura', N'AN-001', 1, 0, 3, CAST(0x0000A12500000000 AS DateTime), NULL, NULL, NULL, NULL, NULL, NULL)
INSERT [dbo].[Regions] ([RegionId], [RegionName], [RegionCode], [IsEnabled], [IsDeleted], [CreatedBy], [CreatedDate], [UpdatedBy], [UpdatedDate], [DeletedDate], [Info1], [Info2], [Info3]) VALUES (12, N'Monaragala', N'MO-001', 1, 0, 3, CAST(0x0000A12500000000 AS DateTime), NULL, NULL, NULL, NULL, NULL, NULL)
INSERT [dbo].[Regions] ([RegionId], [RegionName], [RegionCode], [IsEnabled], [IsDeleted], [CreatedBy], [CreatedDate], [UpdatedBy], [UpdatedDate], [DeletedDate], [Info1], [Info2], [Info3]) VALUES (13, N'Puththalama', N'PU-001', 1, 0, 3, CAST(0x0000A12500000000 AS DateTime), NULL, NULL, NULL, NULL, NULL, NULL)
INSERT [dbo].[Regions] ([RegionId], [RegionName], [RegionCode], [IsEnabled], [IsDeleted], [CreatedBy], [CreatedDate], [UpdatedBy], [UpdatedDate], [DeletedDate], [Info1], [Info2], [Info3]) VALUES (15, N'56', N'56', 1, 1, 3, CAST(0x0000A126010C939A AS DateTime), NULL, NULL, NULL, NULL, NULL, NULL)
INSERT [dbo].[Regions] ([RegionId], [RegionName], [RegionCode], [IsEnabled], [IsDeleted], [CreatedBy], [CreatedDate], [UpdatedBy], [UpdatedDate], [DeletedDate], [Info1], [Info2], [Info3]) VALUES (16, N'56', N'56', 1, 0, 3, CAST(0x0000A126010C9753 AS DateTime), NULL, NULL, NULL, NULL, NULL, NULL)
INSERT [dbo].[Regions] ([RegionId], [RegionName], [RegionCode], [IsEnabled], [IsDeleted], [CreatedBy], [CreatedDate], [UpdatedBy], [UpdatedDate], [DeletedDate], [Info1], [Info2], [Info3]) VALUES (17, N'963', N'963', 0, 1, 3, CAST(0x0000A126010CA8A1 AS DateTime), NULL, NULL, NULL, NULL, NULL, NULL)
INSERT [dbo].[Regions] ([RegionId], [RegionName], [RegionCode], [IsEnabled], [IsDeleted], [CreatedBy], [CreatedDate], [UpdatedBy], [UpdatedDate], [DeletedDate], [Info1], [Info2], [Info3]) VALUES (18, N'Kurunagala', N'KU-001', 0, 1, 3, CAST(0x0000A12601116093 AS DateTime), NULL, NULL, NULL, NULL, NULL, NULL)
INSERT [dbo].[Regions] ([RegionId], [RegionName], [RegionCode], [IsEnabled], [IsDeleted], [CreatedBy], [CreatedDate], [UpdatedBy], [UpdatedDate], [DeletedDate], [Info1], [Info2], [Info3]) VALUES (19, N'Kurunagala', N'KU-0010', 1, 0, 3, CAST(0x0000A12A010209A1 AS DateTime), NULL, NULL, NULL, NULL, NULL, NULL)
INSERT [dbo].[Regions] ([RegionId], [RegionName], [RegionCode], [IsEnabled], [IsDeleted], [CreatedBy], [CreatedDate], [UpdatedBy], [UpdatedDate], [DeletedDate], [Info1], [Info2], [Info3]) VALUES (20, N'Pallandeniya', N'KU-0011', 1, 0, 3, CAST(0x0000A12A01021CB9 AS DateTime), NULL, NULL, NULL, NULL, NULL, NULL)
INSERT [dbo].[Regions] ([RegionId], [RegionName], [RegionCode], [IsEnabled], [IsDeleted], [CreatedBy], [CreatedDate], [UpdatedBy], [UpdatedDate], [DeletedDate], [Info1], [Info2], [Info3]) VALUES (21, N'Wariyapola', N'KU-0012', 1, 0, 3, CAST(0x0000A12A01022898 AS DateTime), NULL, NULL, NULL, NULL, NULL, NULL)
INSERT [dbo].[Regions] ([RegionId], [RegionName], [RegionCode], [IsEnabled], [IsDeleted], [CreatedBy], [CreatedDate], [UpdatedBy], [UpdatedDate], [DeletedDate], [Info1], [Info2], [Info3]) VALUES (22, N'Mawathagama', N'KU-0013', 1, 0, 3, CAST(0x0000A12A010239EF AS DateTime), NULL, NULL, NULL, NULL, NULL, NULL)
INSERT [dbo].[Regions] ([RegionId], [RegionName], [RegionCode], [IsEnabled], [IsDeleted], [CreatedBy], [CreatedDate], [UpdatedBy], [UpdatedDate], [DeletedDate], [Info1], [Info2], [Info3]) VALUES (23, N'Polgahawela', N'KU-0014', 1, 0, 3, CAST(0x0000A12A01024C80 AS DateTime), NULL, NULL, NULL, NULL, NULL, NULL)
INSERT [dbo].[Regions] ([RegionId], [RegionName], [RegionCode], [IsEnabled], [IsDeleted], [CreatedBy], [CreatedDate], [UpdatedBy], [UpdatedDate], [DeletedDate], [Info1], [Info2], [Info3]) VALUES (24, N'Katupotha', N'KU-0015', 1, 0, 3, CAST(0x0000A12A01043F99 AS DateTime), NULL, NULL, NULL, NULL, NULL, NULL)
INSERT [dbo].[Regions] ([RegionId], [RegionName], [RegionCode], [IsEnabled], [IsDeleted], [CreatedBy], [CreatedDate], [UpdatedBy], [UpdatedDate], [DeletedDate], [Info1], [Info2], [Info3]) VALUES (25, N'Thalawa', N'AN-0010', 1, 0, 3, CAST(0x0000A12A01127256 AS DateTime), NULL, NULL, NULL, NULL, NULL, NULL)
INSERT [dbo].[Regions] ([RegionId], [RegionName], [RegionCode], [IsEnabled], [IsDeleted], [CreatedBy], [CreatedDate], [UpdatedBy], [UpdatedDate], [DeletedDate], [Info1], [Info2], [Info3]) VALUES (26, N'Maspotha', N'KU-0016', 1, 0, 3, CAST(0x0000A12B00BA5CFE AS DateTime), NULL, NULL, NULL, NULL, NULL, NULL)
INSERT [dbo].[Regions] ([RegionId], [RegionName], [RegionCode], [IsEnabled], [IsDeleted], [CreatedBy], [CreatedDate], [UpdatedBy], [UpdatedDate], [DeletedDate], [Info1], [Info2], [Info3]) VALUES (27, N'dfdfdd', N'7474', 1, 0, 3, CAST(0x0000A12B0130211E AS DateTime), 3, CAST(0x0000A12D00F857A2 AS DateTime), NULL, NULL, NULL, NULL)
INSERT [dbo].[Regions] ([RegionId], [RegionName], [RegionCode], [IsEnabled], [IsDeleted], [CreatedBy], [CreatedDate], [UpdatedBy], [UpdatedDate], [DeletedDate], [Info1], [Info2], [Info3]) VALUES (28, N'222', N'74745', 1, 1, 3, CAST(0x0000A12B013106E9 AS DateTime), NULL, NULL, NULL, NULL, NULL, NULL)
INSERT [dbo].[Regions] ([RegionId], [RegionName], [RegionCode], [IsEnabled], [IsDeleted], [CreatedBy], [CreatedDate], [UpdatedBy], [UpdatedDate], [DeletedDate], [Info1], [Info2], [Info3]) VALUES (29, N'Yanthampalawa', N'KU-0017', 1, 0, 3, CAST(0x0000A12C00A91819 AS DateTime), NULL, NULL, NULL, NULL, NULL, NULL)
INSERT [dbo].[Regions] ([RegionId], [RegionName], [RegionCode], [IsEnabled], [IsDeleted], [CreatedBy], [CreatedDate], [UpdatedBy], [UpdatedDate], [DeletedDate], [Info1], [Info2], [Info3]) VALUES (30, N'7777', N'7777', 1, 1, 3, CAST(0x0000A12C00D9DAE2 AS DateTime), NULL, NULL, NULL, NULL, NULL, NULL)
INSERT [dbo].[Regions] ([RegionId], [RegionName], [RegionCode], [IsEnabled], [IsDeleted], [CreatedBy], [CreatedDate], [UpdatedBy], [UpdatedDate], [DeletedDate], [Info1], [Info2], [Info3]) VALUES (31, N'test Region', N'testCode', 1, 0, 3, CAST(0x0000A13300B732F4 AS DateTime), NULL, NULL, NULL, NULL, NULL, NULL)
INSERT [dbo].[Regions] ([RegionId], [RegionName], [RegionCode], [IsEnabled], [IsDeleted], [CreatedBy], [CreatedDate], [UpdatedBy], [UpdatedDate], [DeletedDate], [Info1], [Info2], [Info3]) VALUES (32, N'region787', N'RG6738', 1, 0, 3, CAST(0x0000A13300C0F5F3 AS DateTime), NULL, NULL, NULL, NULL, NULL, NULL)
INSERT [dbo].[Regions] ([RegionId], [RegionName], [RegionCode], [IsEnabled], [IsDeleted], [CreatedBy], [CreatedDate], [UpdatedBy], [UpdatedDate], [DeletedDate], [Info1], [Info2], [Info3]) VALUES (33, N'1NewRegion1', N'111', 1, 0, 3, CAST(0x0000A14200DF032C AS DateTime), 3, CAST(0x0000A14200DF0F28 AS DateTime), NULL, NULL, NULL, NULL)
INSERT [dbo].[Regions] ([RegionId], [RegionName], [RegionCode], [IsEnabled], [IsDeleted], [CreatedBy], [CreatedDate], [UpdatedBy], [UpdatedDate], [DeletedDate], [Info1], [Info2], [Info3]) VALUES (34, N'1region new11', N'561', 1, 1, 3, CAST(0x0000A1420113C1CC AS DateTime), 3, CAST(0x0000A1420119EA99 AS DateTime), NULL, NULL, NULL, NULL)
INSERT [dbo].[Regions] ([RegionId], [RegionName], [RegionCode], [IsEnabled], [IsDeleted], [CreatedBy], [CreatedDate], [UpdatedBy], [UpdatedDate], [DeletedDate], [Info1], [Info2], [Info3]) VALUES (35, N'test', N'112', 1, 0, 3, CAST(0x0000A142011A0666 AS DateTime), NULL, NULL, NULL, NULL, NULL, NULL)
SET IDENTITY_INSERT [dbo].[Regions] OFF
/****** Object:  Table [dbo].[aspnet_Applications]    Script Date: 01/16/2013 10:20:11 ******/
INSERT [dbo].[aspnet_Applications] ([ApplicationName], [LoweredApplicationName], [ApplicationId], [Description]) VALUES (N'MotorClaim', N'motorclaim', N'42ee1a25-826c-45c2-93e9-f418070aab6e', NULL)
/****** Object:  Table [dbo].[aspnet_WebEvent_Events]    Script Date: 01/16/2013 10:20:11 ******/
/****** Object:  Table [dbo].[aspnet_SchemaVersions]    Script Date: 01/16/2013 10:20:14 ******/
INSERT [dbo].[aspnet_SchemaVersions] ([Feature], [CompatibleSchemaVersion], [IsCurrentVersion]) VALUES (N'common', N'1', 1)
INSERT [dbo].[aspnet_SchemaVersions] ([Feature], [CompatibleSchemaVersion], [IsCurrentVersion]) VALUES (N'health monitoring', N'1', 1)
INSERT [dbo].[aspnet_SchemaVersions] ([Feature], [CompatibleSchemaVersion], [IsCurrentVersion]) VALUES (N'membership', N'1', 1)
INSERT [dbo].[aspnet_SchemaVersions] ([Feature], [CompatibleSchemaVersion], [IsCurrentVersion]) VALUES (N'personalization', N'1', 1)
INSERT [dbo].[aspnet_SchemaVersions] ([Feature], [CompatibleSchemaVersion], [IsCurrentVersion]) VALUES (N'profile', N'1', 1)
INSERT [dbo].[aspnet_SchemaVersions] ([Feature], [CompatibleSchemaVersion], [IsCurrentVersion]) VALUES (N'role manager', N'1', 1)
/****** Object:  Table [dbo].[AccessLogs]    Script Date: 01/16/2013 10:20:14 ******/
/****** Object:  Table [dbo].[PoliceStations]    Script Date: 01/16/2013 10:20:14 ******/
SET IDENTITY_INSERT [dbo].[PoliceStations] ON
INSERT [dbo].[PoliceStations] ([StationId], [StationName], [StationAddress]) VALUES (1, N'Agarapathana', NULL)
INSERT [dbo].[PoliceStations] ([StationId], [StationName], [StationAddress]) VALUES (2, N'Ahungama', NULL)
INSERT [dbo].[PoliceStations] ([StationId], [StationName], [StationAddress]) VALUES (3, N'Ahungalla', NULL)
INSERT [dbo].[PoliceStations] ([StationId], [StationName], [StationAddress]) VALUES (4, N'Air-port Katunayake', NULL)
INSERT [dbo].[PoliceStations] ([StationId], [StationName], [StationAddress]) VALUES (5, N'Akkaraipattu', NULL)
INSERT [dbo].[PoliceStations] ([StationId], [StationName], [StationAddress]) VALUES (6, N'Akmeemana', NULL)
INSERT [dbo].[PoliceStations] ([StationId], [StationName], [StationAddress]) VALUES (7, N'Akuressa', NULL)
INSERT [dbo].[PoliceStations] ([StationId], [StationName], [StationAddress]) VALUES (8, N'Alawatugoda', NULL)
INSERT [dbo].[PoliceStations] ([StationId], [StationName], [StationAddress]) VALUES (9, N'Alawwa', NULL)
INSERT [dbo].[PoliceStations] ([StationId], [StationName], [StationAddress]) VALUES (10, N'Aluthgama', NULL)
INSERT [dbo].[PoliceStations] ([StationId], [StationName], [StationAddress]) VALUES (11, N'Ambalangoda', NULL)
INSERT [dbo].[PoliceStations] ([StationId], [StationName], [StationAddress]) VALUES (12, N'Ambalantota', NULL)
INSERT [dbo].[PoliceStations] ([StationId], [StationName], [StationAddress]) VALUES (13, N'Ambanpola', NULL)
INSERT [dbo].[PoliceStations] ([StationId], [StationName], [StationAddress]) VALUES (14, N'Ampara', NULL)
INSERT [dbo].[PoliceStations] ([StationId], [StationName], [StationAddress]) VALUES (15, N'Anamadura', NULL)
INSERT [dbo].[PoliceStations] ([StationId], [StationName], [StationAddress]) VALUES (16, N'Angulana', NULL)
INSERT [dbo].[PoliceStations] ([StationId], [StationName], [StationAddress]) VALUES (17, N'Angunakolapelessa', NULL)
INSERT [dbo].[PoliceStations] ([StationId], [StationName], [StationAddress]) VALUES (18, N'Anguruwatota', NULL)
INSERT [dbo].[PoliceStations] ([StationId], [StationName], [StationAddress]) VALUES (19, N'Ankumbura', NULL)
INSERT [dbo].[PoliceStations] ([StationId], [StationName], [StationAddress]) VALUES (20, N'Anuradhapura', NULL)
INSERT [dbo].[PoliceStations] ([StationId], [StationName], [StationAddress]) VALUES (21, N'Aralaganwila', NULL)
INSERT [dbo].[PoliceStations] ([StationId], [StationName], [StationAddress]) VALUES (22, N'Aranayake', NULL)
INSERT [dbo].[PoliceStations] ([StationId], [StationName], [StationAddress]) VALUES (23, N'Atchuweli', NULL)
INSERT [dbo].[PoliceStations] ([StationId], [StationName], [StationAddress]) VALUES (24, N'Athurugiriya', NULL)
INSERT [dbo].[PoliceStations] ([StationId], [StationName], [StationAddress]) VALUES (25, N'Awissawella', NULL)
INSERT [dbo].[PoliceStations] ([StationId], [StationName], [StationAddress]) VALUES (26, N'Ayagama', NULL)
INSERT [dbo].[PoliceStations] ([StationId], [StationName], [StationAddress]) VALUES (27, N'Ayththayamalai', NULL)
INSERT [dbo].[PoliceStations] ([StationId], [StationName], [StationAddress]) VALUES (28, N'Badalkumbura ', NULL)
INSERT [dbo].[PoliceStations] ([StationId], [StationName], [StationAddress]) VALUES (29, N'Baddegama', NULL)
INSERT [dbo].[PoliceStations] ([StationId], [StationName], [StationAddress]) VALUES (30, N'Badulla', NULL)
INSERT [dbo].[PoliceStations] ([StationId], [StationName], [StationAddress]) VALUES (31, N'Baduraliya', NULL)
INSERT [dbo].[PoliceStations] ([StationId], [StationName], [StationAddress]) VALUES (32, N'Bakamuna', NULL)
INSERT [dbo].[PoliceStations] ([StationId], [StationName], [StationAddress]) VALUES (33, N'Bakkiella', NULL)
INSERT [dbo].[PoliceStations] ([StationId], [StationName], [StationAddress]) VALUES (34, N'Balagolla', NULL)
INSERT [dbo].[PoliceStations] ([StationId], [StationName], [StationAddress]) VALUES (35, N'Balangoda', NULL)
INSERT [dbo].[PoliceStations] ([StationId], [StationName], [StationAddress]) VALUES (36, N'Bambalapitiya', NULL)
INSERT [dbo].[PoliceStations] ([StationId], [StationName], [StationAddress]) VALUES (37, N'Bandaragama', NULL)
INSERT [dbo].[PoliceStations] ([StationId], [StationName], [StationAddress]) VALUES (38, N'Bandarawela', NULL)
INSERT [dbo].[PoliceStations] ([StationId], [StationName], [StationAddress]) VALUES (39, N'Batticoloa', NULL)
INSERT [dbo].[PoliceStations] ([StationId], [StationName], [StationAddress]) VALUES (40, N'Beliatta', NULL)
INSERT [dbo].[PoliceStations] ([StationId], [StationName], [StationAddress]) VALUES (41, N'Bentota ', NULL)
INSERT [dbo].[PoliceStations] ([StationId], [StationName], [StationAddress]) VALUES (42, N'Beruwala ', NULL)
INSERT [dbo].[PoliceStations] ([StationId], [StationName], [StationAddress]) VALUES (43, N'Bibila', NULL)
INSERT [dbo].[PoliceStations] ([StationId], [StationName], [StationAddress]) VALUES (44, N'Bingiriya', NULL)
INSERT [dbo].[PoliceStations] ([StationId], [StationName], [StationAddress]) VALUES (45, N'Biyagama ', NULL)
INSERT [dbo].[PoliceStations] ([StationId], [StationName], [StationAddress]) VALUES (46, N'Bluaemendhal', NULL)
INSERT [dbo].[PoliceStations] ([StationId], [StationName], [StationAddress]) VALUES (47, N'BMICH', NULL)
INSERT [dbo].[PoliceStations] ([StationId], [StationName], [StationAddress]) VALUES (48, N'Bogawantalawa ', NULL)
INSERT [dbo].[PoliceStations] ([StationId], [StationName], [StationAddress]) VALUES (49, N'Boralesgamuwa', NULL)
INSERT [dbo].[PoliceStations] ([StationId], [StationName], [StationAddress]) VALUES (50, N'Borella', NULL)
INSERT [dbo].[PoliceStations] ([StationId], [StationName], [StationAddress]) VALUES (51, N'Bulathkohupitiya', NULL)
INSERT [dbo].[PoliceStations] ([StationId], [StationName], [StationAddress]) VALUES (52, N'Bulathsinhala ', NULL)
INSERT [dbo].[PoliceStations] ([StationId], [StationName], [StationAddress]) VALUES (53, N'Buttala', NULL)
INSERT [dbo].[PoliceStations] ([StationId], [StationName], [StationAddress]) VALUES (54, N'Central  Camp', NULL)
INSERT [dbo].[PoliceStations] ([StationId], [StationName], [StationAddress]) VALUES (55, N'Chawakachcheri', NULL)
INSERT [dbo].[PoliceStations] ([StationId], [StationName], [StationAddress]) VALUES (56, N'Chavalakade', NULL)
INSERT [dbo].[PoliceStations] ([StationId], [StationName], [StationAddress]) VALUES (57, N'Chettikulam', NULL)
INSERT [dbo].[PoliceStations] ([StationId], [StationName], [StationAddress]) VALUES (58, N'Chilaw', NULL)
INSERT [dbo].[PoliceStations] ([StationId], [StationName], [StationAddress]) VALUES (59, N'China Bay', NULL)
INSERT [dbo].[PoliceStations] ([StationId], [StationName], [StationAddress]) VALUES (60, N'Chunnakam', NULL)
INSERT [dbo].[PoliceStations] ([StationId], [StationName], [StationAddress]) VALUES (61, N'Cinnamon  Gardens', NULL)
INSERT [dbo].[PoliceStations] ([StationId], [StationName], [StationAddress]) VALUES (62, N'Colombo-  Harbour', NULL)
INSERT [dbo].[PoliceStations] ([StationId], [StationName], [StationAddress]) VALUES (63, N'Dalada  Maligawa', NULL)
INSERT [dbo].[PoliceStations] ([StationId], [StationName], [StationAddress]) VALUES (64, N'Dam  St', NULL)
INSERT [dbo].[PoliceStations] ([StationId], [StationName], [StationAddress]) VALUES (65, N'Damana', NULL)
INSERT [dbo].[PoliceStations] ([StationId], [StationName], [StationAddress]) VALUES (66, N'Dambagalla', NULL)
INSERT [dbo].[PoliceStations] ([StationId], [StationName], [StationAddress]) VALUES (67, N'Dambula', NULL)
INSERT [dbo].[PoliceStations] ([StationId], [StationName], [StationAddress]) VALUES (68, N'Dankotuwa', NULL)
INSERT [dbo].[PoliceStations] ([StationId], [StationName], [StationAddress]) VALUES (69, N'Daulagala', NULL)
INSERT [dbo].[PoliceStations] ([StationId], [StationName], [StationAddress]) VALUES (70, N'Dedigama', NULL)
INSERT [dbo].[PoliceStations] ([StationId], [StationName], [StationAddress]) VALUES (71, N'Dehiattakandiya', NULL)
INSERT [dbo].[PoliceStations] ([StationId], [StationName], [StationAddress]) VALUES (72, N'Dehiwela', NULL)
INSERT [dbo].[PoliceStations] ([StationId], [StationName], [StationAddress]) VALUES (73, N'Delft', NULL)
INSERT [dbo].[PoliceStations] ([StationId], [StationName], [StationAddress]) VALUES (74, N'Dematagoda', NULL)
INSERT [dbo].[PoliceStations] ([StationId], [StationName], [StationAddress]) VALUES (75, N'Deniyaya', NULL)
INSERT [dbo].[PoliceStations] ([StationId], [StationName], [StationAddress]) VALUES (76, N'Deraniyagala ', NULL)
INSERT [dbo].[PoliceStations] ([StationId], [StationName], [StationAddress]) VALUES (77, N'Diagama', NULL)
INSERT [dbo].[PoliceStations] ([StationId], [StationName], [StationAddress]) VALUES (78, N'Dickwella', NULL)
INSERT [dbo].[PoliceStations] ([StationId], [StationName], [StationAddress]) VALUES (79, N'Dimbula', NULL)
INSERT [dbo].[PoliceStations] ([StationId], [StationName], [StationAddress]) VALUES (80, N'Divulapitiya', NULL)
INSERT [dbo].[PoliceStations] ([StationId], [StationName], [StationAddress]) VALUES (81, N'Diyatalawa', NULL)
INSERT [dbo].[PoliceStations] ([StationId], [StationName], [StationAddress]) VALUES (82, N'Dodangaoda ', NULL)
INSERT [dbo].[PoliceStations] ([StationId], [StationName], [StationAddress]) VALUES (83, N'Dompe', NULL)
INSERT [dbo].[PoliceStations] ([StationId], [StationName], [StationAddress]) VALUES (84, N'Dummalasooriya', NULL)
INSERT [dbo].[PoliceStations] ([StationId], [StationName], [StationAddress]) VALUES (85, N'Eheliyagoda', NULL)
INSERT [dbo].[PoliceStations] ([StationId], [StationName], [StationAddress]) VALUES (86, N'Ella', NULL)
INSERT [dbo].[PoliceStations] ([StationId], [StationName], [StationAddress]) VALUES (87, N'Elpitiya', NULL)
INSERT [dbo].[PoliceStations] ([StationId], [StationName], [StationAddress]) VALUES (88, N'Embilipitiya', NULL)
INSERT [dbo].[PoliceStations] ([StationId], [StationName], [StationAddress]) VALUES (89, N'Eppawala ', NULL)
INSERT [dbo].[PoliceStations] ([StationId], [StationName], [StationAddress]) VALUES (90, N'Eravur', NULL)
INSERT [dbo].[PoliceStations] ([StationId], [StationName], [StationAddress]) VALUES (91, N'Etampitiya', NULL)
INSERT [dbo].[PoliceStations] ([StationId], [StationName], [StationAddress]) VALUES (92, N'Ethimale', NULL)
INSERT [dbo].[PoliceStations] ([StationId], [StationName], [StationAddress]) VALUES (93, N'Fore Shore', NULL)
INSERT [dbo].[PoliceStations] ([StationId], [StationName], [StationAddress]) VALUES (94, N'Fort', NULL)
INSERT [dbo].[PoliceStations] ([StationId], [StationName], [StationAddress]) VALUES (95, N'Galagedera', NULL)
INSERT [dbo].[PoliceStations] ([StationId], [StationName], [StationAddress]) VALUES (96, N'Galaha ', NULL)
INSERT [dbo].[PoliceStations] ([StationId], [StationName], [StationAddress]) VALUES (97, N'Galenbindunuwewa ', NULL)
INSERT [dbo].[PoliceStations] ([StationId], [StationName], [StationAddress]) VALUES (98, N'Galewela ', NULL)
INSERT [dbo].[PoliceStations] ([StationId], [StationName], [StationAddress]) VALUES (99, N'Galgamuwa ', NULL)
INSERT [dbo].[PoliceStations] ([StationId], [StationName], [StationAddress]) VALUES (100, N'Galkiriyagama', NULL)
GO
print 'Processed 100 total records'
INSERT [dbo].[PoliceStations] ([StationId], [StationName], [StationAddress]) VALUES (101, N'Galle', NULL)
INSERT [dbo].[PoliceStations] ([StationId], [StationName], [StationAddress]) VALUES (102, N'Galle - Harbour', NULL)
INSERT [dbo].[PoliceStations] ([StationId], [StationName], [StationAddress]) VALUES (103, N'Galnewa', NULL)
INSERT [dbo].[PoliceStations] ([StationId], [StationName], [StationAddress]) VALUES (104, N'Gampaha', NULL)
INSERT [dbo].[PoliceStations] ([StationId], [StationName], [StationAddress]) VALUES (105, N'Gampola', NULL)
INSERT [dbo].[PoliceStations] ([StationId], [StationName], [StationAddress]) VALUES (106, N'Gandara', NULL)
INSERT [dbo].[PoliceStations] ([StationId], [StationName], [StationAddress]) VALUES (107, N'Ganemulla', NULL)
INSERT [dbo].[PoliceStations] ([StationId], [StationName], [StationAddress]) VALUES (108, N'Ginigathhena', NULL)
INSERT [dbo].[PoliceStations] ([StationId], [StationName], [StationAddress]) VALUES (109, N'Girandurukotte', NULL)
INSERT [dbo].[PoliceStations] ([StationId], [StationName], [StationAddress]) VALUES (110, N'Giribawa', NULL)
INSERT [dbo].[PoliceStations] ([StationId], [StationName], [StationAddress]) VALUES (111, N'Giriulla', NULL)
INSERT [dbo].[PoliceStations] ([StationId], [StationName], [StationAddress]) VALUES (112, N'Godakawela', NULL)
INSERT [dbo].[PoliceStations] ([StationId], [StationName], [StationAddress]) VALUES (113, N'Gokarella', NULL)
INSERT [dbo].[PoliceStations] ([StationId], [StationName], [StationAddress]) VALUES (114, N'Gomarankadawala', NULL)
INSERT [dbo].[PoliceStations] ([StationId], [StationName], [StationAddress]) VALUES (115, N'Gonaganara', NULL)
INSERT [dbo].[PoliceStations] ([StationId], [StationName], [StationAddress]) VALUES (116, N'Gothatuwa', NULL)
INSERT [dbo].[PoliceStations] ([StationId], [StationName], [StationAddress]) VALUES (117, N'Grand Pass', NULL)
INSERT [dbo].[PoliceStations] ([StationId], [StationName], [StationAddress]) VALUES (118, N'Habaraduwa', NULL)
INSERT [dbo].[PoliceStations] ([StationId], [StationName], [StationAddress]) VALUES (119, N'Habarana', NULL)
INSERT [dbo].[PoliceStations] ([StationId], [StationName], [StationAddress]) VALUES (120, N'Hakmana', NULL)
INSERT [dbo].[PoliceStations] ([StationId], [StationName], [StationAddress]) VALUES (121, N'Hambantota', NULL)
INSERT [dbo].[PoliceStations] ([StationId], [StationName], [StationAddress]) VALUES (122, N'Hambegamuwa', NULL)
INSERT [dbo].[PoliceStations] ([StationId], [StationName], [StationAddress]) VALUES (123, N'Hanguranketha', NULL)
INSERT [dbo].[PoliceStations] ([StationId], [StationName], [StationAddress]) VALUES (124, N'Hanwella', NULL)
INSERT [dbo].[PoliceStations] ([StationId], [StationName], [StationAddress]) VALUES (125, N'Haputale', NULL)
INSERT [dbo].[PoliceStations] ([StationId], [StationName], [StationAddress]) VALUES (126, N'Hasalaka', NULL)
INSERT [dbo].[PoliceStations] ([StationId], [StationName], [StationAddress]) VALUES (127, N'Hataraliyadda', NULL)
INSERT [dbo].[PoliceStations] ([StationId], [StationName], [StationAddress]) VALUES (128, N'Hatton', NULL)
INSERT [dbo].[PoliceStations] ([StationId], [StationName], [StationAddress]) VALUES (129, N'Hemmatagama ', NULL)
INSERT [dbo].[PoliceStations] ([StationId], [StationName], [StationAddress]) VALUES (130, N'Hettipola', NULL)
INSERT [dbo].[PoliceStations] ([StationId], [StationName], [StationAddress]) VALUES (131, N'Hindogama', NULL)
INSERT [dbo].[PoliceStations] ([StationId], [StationName], [StationAddress]) VALUES (132, N'Hikkaduwa', NULL)
INSERT [dbo].[PoliceStations] ([StationId], [StationName], [StationAddress]) VALUES (133, N'Hingurakgoda', NULL)
INSERT [dbo].[PoliceStations] ([StationId], [StationName], [StationAddress]) VALUES (134, N'Hiniduma ', NULL)
INSERT [dbo].[PoliceStations] ([StationId], [StationName], [StationAddress]) VALUES (135, N'Homagama ', NULL)
INSERT [dbo].[PoliceStations] ([StationId], [StationName], [StationAddress]) VALUES (136, N'Horana', NULL)
INSERT [dbo].[PoliceStations] ([StationId], [StationName], [StationAddress]) VALUES (137, N'Horowpathana', NULL)
INSERT [dbo].[PoliceStations] ([StationId], [StationName], [StationAddress]) VALUES (138, N'Hungama', NULL)
INSERT [dbo].[PoliceStations] ([StationId], [StationName], [StationAddress]) VALUES (139, N'Illawali', NULL)
INSERT [dbo].[PoliceStations] ([StationId], [StationName], [StationAddress]) VALUES (140, N'Inginiyagala ', NULL)
INSERT [dbo].[PoliceStations] ([StationId], [StationName], [StationAddress]) VALUES (141, N'Ingiriya', NULL)
INSERT [dbo].[PoliceStations] ([StationId], [StationName], [StationAddress]) VALUES (142, N'Ja-ela', NULL)
INSERT [dbo].[PoliceStations] ([StationId], [StationName], [StationAddress]) VALUES (143, N'Jaffna', NULL)
INSERT [dbo].[PoliceStations] ([StationId], [StationName], [StationAddress]) VALUES (144, N'Kadawatha', NULL)
INSERT [dbo].[PoliceStations] ([StationId], [StationName], [StationAddress]) VALUES (145, N'Kadugannawa', NULL)
INSERT [dbo].[PoliceStations] ([StationId], [StationName], [StationAddress]) VALUES (146, N'Kahatagssdiliya ', NULL)
INSERT [dbo].[PoliceStations] ([StationId], [StationName], [StationAddress]) VALUES (147, N'Kahathuduwa ', NULL)
INSERT [dbo].[PoliceStations] ([StationId], [StationName], [StationAddress]) VALUES (148, N'Kahawatta', NULL)
INSERT [dbo].[PoliceStations] ([StationId], [StationName], [StationAddress]) VALUES (149, N'Kalawana ', NULL)
INSERT [dbo].[PoliceStations] ([StationId], [StationName], [StationAddress]) VALUES (150, N'Kalawanchikudi', NULL)
INSERT [dbo].[PoliceStations] ([StationId], [StationName], [StationAddress]) VALUES (151, N'Kalkuda', NULL)
INSERT [dbo].[PoliceStations] ([StationId], [StationName], [StationAddress]) VALUES (152, N'Kalmuna', NULL)
INSERT [dbo].[PoliceStations] ([StationId], [StationName], [StationAddress]) VALUES (153, N'Kalpitiya', NULL)
INSERT [dbo].[PoliceStations] ([StationId], [StationName], [StationAddress]) VALUES (154, N'Kaltota', NULL)
INSERT [dbo].[PoliceStations] ([StationId], [StationName], [StationAddress]) VALUES (155, N'Kalutara  North', NULL)
INSERT [dbo].[PoliceStations] ([StationId], [StationName], [StationAddress]) VALUES (156, N'Kalutara   South', NULL)
INSERT [dbo].[PoliceStations] ([StationId], [StationName], [StationAddress]) VALUES (157, N'Kaluwaragaswewa', NULL)
INSERT [dbo].[PoliceStations] ([StationId], [StationName], [StationAddress]) VALUES (158, N'Kamburupitiya', NULL)
INSERT [dbo].[PoliceStations] ([StationId], [StationName], [StationAddress]) VALUES (159, N'Kananke', NULL)
INSERT [dbo].[PoliceStations] ([StationId], [StationName], [StationAddress]) VALUES (160, N'Kandaketiya', NULL)
INSERT [dbo].[PoliceStations] ([StationId], [StationName], [StationAddress]) VALUES (161, N'Kandana', NULL)
INSERT [dbo].[PoliceStations] ([StationId], [StationName], [StationAddress]) VALUES (162, N'Kandy', NULL)
INSERT [dbo].[PoliceStations] ([StationId], [StationName], [StationAddress]) VALUES (163, N'Kankasanthurei', NULL)
INSERT [dbo].[PoliceStations] ([StationId], [StationName], [StationAddress]) VALUES (164, N'Kanthale', NULL)
INSERT [dbo].[PoliceStations] ([StationId], [StationName], [StationAddress]) VALUES (165, N'Karandeniya', NULL)
INSERT [dbo].[PoliceStations] ([StationId], [StationName], [StationAddress]) VALUES (166, N'Karadiyanaru', NULL)
INSERT [dbo].[PoliceStations] ([StationId], [StationName], [StationAddress]) VALUES (167, N'Kataragama ', NULL)
INSERT [dbo].[PoliceStations] ([StationId], [StationName], [StationAddress]) VALUES (168, N'Kattankudy', NULL)
INSERT [dbo].[PoliceStations] ([StationId], [StationName], [StationAddress]) VALUES (169, N'Katugastota', NULL)
INSERT [dbo].[PoliceStations] ([StationId], [StationName], [StationAddress]) VALUES (170, N'Katunayake', NULL)
INSERT [dbo].[PoliceStations] ([StationId], [StationName], [StationAddress]) VALUES (171, N'Katupotha', NULL)
INSERT [dbo].[PoliceStations] ([StationId], [StationName], [StationAddress]) VALUES (172, N'Katuwana', NULL)
INSERT [dbo].[PoliceStations] ([StationId], [StationName], [StationAddress]) VALUES (173, N'Kayts', NULL)
INSERT [dbo].[PoliceStations] ([StationId], [StationName], [StationAddress]) VALUES (174, N'Kebethigollewa', NULL)
INSERT [dbo].[PoliceStations] ([StationId], [StationName], [StationAddress]) VALUES (175, N'Kegalle', NULL)
INSERT [dbo].[PoliceStations] ([StationId], [StationName], [StationAddress]) VALUES (176, N'Kekirawa', NULL)
INSERT [dbo].[PoliceStations] ([StationId], [StationName], [StationAddress]) VALUES (177, N'Kelaniya', NULL)
INSERT [dbo].[PoliceStations] ([StationId], [StationName], [StationAddress]) VALUES (178, N'Keragala', NULL)
INSERT [dbo].[PoliceStations] ([StationId], [StationName], [StationAddress]) VALUES (179, N'Keselwela ', NULL)
INSERT [dbo].[PoliceStations] ([StationId], [StationName], [StationAddress]) VALUES (180, N'Kinniya', NULL)
INSERT [dbo].[PoliceStations] ([StationId], [StationName], [StationAddress]) VALUES (181, N'Kiribathgaoda', NULL)
INSERT [dbo].[PoliceStations] ([StationId], [StationName], [StationAddress]) VALUES (182, N'Kirindiwela', NULL)
INSERT [dbo].[PoliceStations] ([StationId], [StationName], [StationAddress]) VALUES (183, N'Kiriella', NULL)
INSERT [dbo].[PoliceStations] ([StationId], [StationName], [StationAddress]) VALUES (184, N'Kirulapona', NULL)
INSERT [dbo].[PoliceStations] ([StationId], [StationName], [StationAddress]) VALUES (185, N'Kithulgala', NULL)
INSERT [dbo].[PoliceStations] ([StationId], [StationName], [StationAddress]) VALUES (186, N'Kobeygane', NULL)
INSERT [dbo].[PoliceStations] ([StationId], [StationName], [StationAddress]) VALUES (187, N'Kochchikade', NULL)
INSERT [dbo].[PoliceStations] ([StationId], [StationName], [StationAddress]) VALUES (188, N'Kodikamam', NULL)
INSERT [dbo].[PoliceStations] ([StationId], [StationName], [StationAddress]) VALUES (189, N'Kohuwala', NULL)
INSERT [dbo].[PoliceStations] ([StationId], [StationName], [StationAddress]) VALUES (190, N'Kokkadicholai ', NULL)
INSERT [dbo].[PoliceStations] ([StationId], [StationName], [StationAddress]) VALUES (191, N'Kollupitiya ', NULL)
INSERT [dbo].[PoliceStations] ([StationId], [StationName], [StationAddress]) VALUES (192, N'Kolonna ', NULL)
INSERT [dbo].[PoliceStations] ([StationId], [StationName], [StationAddress]) VALUES (193, N'Kopay', NULL)
INSERT [dbo].[PoliceStations] ([StationId], [StationName], [StationAddress]) VALUES (194, N'Kosgama ', NULL)
INSERT [dbo].[PoliceStations] ([StationId], [StationName], [StationAddress]) VALUES (195, N'Kosgoda', NULL)
INSERT [dbo].[PoliceStations] ([StationId], [StationName], [StationAddress]) VALUES (196, N'Koslanda ', NULL)
INSERT [dbo].[PoliceStations] ([StationId], [StationName], [StationAddress]) VALUES (197, N'Koswatta', NULL)
INSERT [dbo].[PoliceStations] ([StationId], [StationName], [StationAddress]) VALUES (198, N'Kotadeniyawa ', NULL)
INSERT [dbo].[PoliceStations] ([StationId], [StationName], [StationAddress]) VALUES (199, N'Kotahena', NULL)
INSERT [dbo].[PoliceStations] ([StationId], [StationName], [StationAddress]) VALUES (200, N'Kotawehera ', NULL)
INSERT [dbo].[PoliceStations] ([StationId], [StationName], [StationAddress]) VALUES (201, N'Kothmale ', NULL)
GO
print 'Processed 200 total records'
INSERT [dbo].[PoliceStations] ([StationId], [StationName], [StationAddress]) VALUES (202, N'Kottawa ', NULL)
INSERT [dbo].[PoliceStations] ([StationId], [StationName], [StationAddress]) VALUES (203, N'Kuchchaveli', NULL)
INSERT [dbo].[PoliceStations] ([StationId], [StationName], [StationAddress]) VALUES (204, N'Kuliyapitiya ', NULL)
INSERT [dbo].[PoliceStations] ([StationId], [StationName], [StationAddress]) VALUES (205, N'Kurunegala ', NULL)
INSERT [dbo].[PoliceStations] ([StationId], [StationName], [StationAddress]) VALUES (206, N'Kuruwita ', NULL)
INSERT [dbo].[PoliceStations] ([StationId], [StationName], [StationAddress]) VALUES (207, N'Kuttigala ', NULL)
INSERT [dbo].[PoliceStations] ([StationId], [StationName], [StationAddress]) VALUES (208, N'Laggala ', NULL)
INSERT [dbo].[PoliceStations] ([StationId], [StationName], [StationAddress]) VALUES (209, N'Lindula ', NULL)
INSERT [dbo].[PoliceStations] ([StationId], [StationName], [StationAddress]) VALUES (210, N'Lunugala ', NULL)
INSERT [dbo].[PoliceStations] ([StationId], [StationName], [StationAddress]) VALUES (211, N'Lunugamvehera ', NULL)
INSERT [dbo].[PoliceStations] ([StationId], [StationName], [StationAddress]) VALUES (212, N'Madampe ', NULL)
INSERT [dbo].[PoliceStations] ([StationId], [StationName], [StationAddress]) VALUES (213, N'Madolsima ', NULL)
INSERT [dbo].[PoliceStations] ([StationId], [StationName], [StationAddress]) VALUES (214, N'Mahabage  ( welisara) ', NULL)
INSERT [dbo].[PoliceStations] ([StationId], [StationName], [StationAddress]) VALUES (215, N'Mahaoya ', NULL)
INSERT [dbo].[PoliceStations] ([StationId], [StationName], [StationAddress]) VALUES (216, N'Maharagama', NULL)
INSERT [dbo].[PoliceStations] ([StationId], [StationName], [StationAddress]) VALUES (217, N'Mahavilachchiya ', NULL)
INSERT [dbo].[PoliceStations] ([StationId], [StationName], [StationAddress]) VALUES (218, N'Mahawela ', NULL)
INSERT [dbo].[PoliceStations] ([StationId], [StationName], [StationAddress]) VALUES (219, N'Mahiyanganaya ', NULL)
INSERT [dbo].[PoliceStations] ([StationId], [StationName], [StationAddress]) VALUES (220, N'Maho', NULL)
INSERT [dbo].[PoliceStations] ([StationId], [StationName], [StationAddress]) VALUES (221, N'Maligawatta', NULL)
INSERT [dbo].[PoliceStations] ([StationId], [StationName], [StationAddress]) VALUES (222, N'Manippay', NULL)
INSERT [dbo].[PoliceStations] ([StationId], [StationName], [StationAddress]) VALUES (223, N'Mannar', NULL)
INSERT [dbo].[PoliceStations] ([StationId], [StationName], [StationAddress]) VALUES (224, N'Maradana ', NULL)
INSERT [dbo].[PoliceStations] ([StationId], [StationName], [StationAddress]) VALUES (225, N'Marawila', NULL)
INSERT [dbo].[PoliceStations] ([StationId], [StationName], [StationAddress]) VALUES (226, N'Maskeliya', NULL)
INSERT [dbo].[PoliceStations] ([StationId], [StationName], [StationAddress]) VALUES (227, N'Matale ', NULL)
INSERT [dbo].[PoliceStations] ([StationId], [StationName], [StationAddress]) VALUES (228, N'Matara', NULL)
INSERT [dbo].[PoliceStations] ([StationId], [StationName], [StationAddress]) VALUES (229, N'Matugama ', NULL)
INSERT [dbo].[PoliceStations] ([StationId], [StationName], [StationAddress]) VALUES (230, N'Maturata', NULL)
INSERT [dbo].[PoliceStations] ([StationId], [StationName], [StationAddress]) VALUES (231, N'Mattakkuliya', NULL)
INSERT [dbo].[PoliceStations] ([StationId], [StationName], [StationAddress]) VALUES (232, N'Mawanella', NULL)
INSERT [dbo].[PoliceStations] ([StationId], [StationName], [StationAddress]) VALUES (233, N'Mawarala ', NULL)
INSERT [dbo].[PoliceStations] ([StationId], [StationName], [StationAddress]) VALUES (234, N'Mawathagama ', NULL)
INSERT [dbo].[PoliceStations] ([StationId], [StationName], [StationAddress]) VALUES (235, N'Medagama', NULL)
INSERT [dbo].[PoliceStations] ([StationId], [StationName], [StationAddress]) VALUES (236, N'Medawachchiya', NULL)
INSERT [dbo].[PoliceStations] ([StationId], [StationName], [StationAddress]) VALUES (237, N'Medirigiriya', NULL)
INSERT [dbo].[PoliceStations] ([StationId], [StationName], [StationAddress]) VALUES (238, N'Meegahatenna ', NULL)
INSERT [dbo].[PoliceStations] ([StationId], [StationName], [StationAddress]) VALUES (239, N'Meegahawatta', NULL)
INSERT [dbo].[PoliceStations] ([StationId], [StationName], [StationAddress]) VALUES (240, N'Meegalewa', NULL)
INSERT [dbo].[PoliceStations] ([StationId], [StationName], [StationAddress]) VALUES (241, N'Meeriyagoda ', NULL)
INSERT [dbo].[PoliceStations] ([StationId], [StationName], [StationAddress]) VALUES (242, N'Menikhinna', NULL)
INSERT [dbo].[PoliceStations] ([StationId], [StationName], [StationAddress]) VALUES (243, N'Middeniya', NULL)
INSERT [dbo].[PoliceStations] ([StationId], [StationName], [StationAddress]) VALUES (244, N'Mihintale ', NULL)
INSERT [dbo].[PoliceStations] ([StationId], [StationName], [StationAddress]) VALUES (245, N'Minuwangoda', NULL)
INSERT [dbo].[PoliceStations] ([StationId], [StationName], [StationAddress]) VALUES (246, N'Mirigama ', NULL)
INSERT [dbo].[PoliceStations] ([StationId], [StationName], [StationAddress]) VALUES (247, N'Mirihana', NULL)
INSERT [dbo].[PoliceStations] ([StationId], [StationName], [StationAddress]) VALUES (248, N'Modara', NULL)
INSERT [dbo].[PoliceStations] ([StationId], [StationName], [StationAddress]) VALUES (249, N'Monaragala ', NULL)
INSERT [dbo].[PoliceStations] ([StationId], [StationName], [StationAddress]) VALUES (250, N'Moraagahahena', NULL)
INSERT [dbo].[PoliceStations] ([StationId], [StationName], [StationAddress]) VALUES (251, N'Moratumulla', NULL)
INSERT [dbo].[PoliceStations] ([StationId], [StationName], [StationAddress]) VALUES (252, N'Moratuwa', NULL)
INSERT [dbo].[PoliceStations] ([StationId], [StationName], [StationAddress]) VALUES (253, N'Morawaka ', NULL)
INSERT [dbo].[PoliceStations] ([StationId], [StationName], [StationAddress]) VALUES (254, N'Morawewa', NULL)
INSERT [dbo].[PoliceStations] ([StationId], [StationName], [StationAddress]) VALUES (255, N'Mt.  Lavinia', NULL)
INSERT [dbo].[PoliceStations] ([StationId], [StationName], [StationAddress]) VALUES (256, N'Mulleriyawa', NULL)
INSERT [dbo].[PoliceStations] ([StationId], [StationName], [StationAddress]) VALUES (257, N'Mundal', NULL)
INSERT [dbo].[PoliceStations] ([StationId], [StationName], [StationAddress]) VALUES (258, N'Murunken', NULL)
INSERT [dbo].[PoliceStations] ([StationId], [StationName], [StationAddress]) VALUES (259, N'Muttur', NULL)
INSERT [dbo].[PoliceStations] ([StationId], [StationName], [StationAddress]) VALUES (260, N'Nagoda', NULL)
INSERT [dbo].[PoliceStations] ([StationId], [StationName], [StationAddress]) VALUES (261, N'Nallathanniya', NULL)
INSERT [dbo].[PoliceStations] ([StationId], [StationName], [StationAddress]) VALUES (262, N'Nanuoya', NULL)
INSERT [dbo].[PoliceStations] ([StationId], [StationName], [StationAddress]) VALUES (263, N'Narahenpita', NULL)
INSERT [dbo].[PoliceStations] ([StationId], [StationName], [StationAddress]) VALUES (264, N'Narammala', NULL)
INSERT [dbo].[PoliceStations] ([StationId], [StationName], [StationAddress]) VALUES (265, N'Naula', NULL)
INSERT [dbo].[PoliceStations] ([StationId], [StationName], [StationAddress]) VALUES (266, N'Nawagamuwa', NULL)
INSERT [dbo].[PoliceStations] ([StationId], [StationName], [StationAddress]) VALUES (267, N'Nawagattegama', NULL)
INSERT [dbo].[PoliceStations] ([StationId], [StationName], [StationAddress]) VALUES (268, N'Nawalapitiya', NULL)
INSERT [dbo].[PoliceStations] ([StationId], [StationName], [StationAddress]) VALUES (269, N'Negombo', NULL)
INSERT [dbo].[PoliceStations] ([StationId], [StationName], [StationAddress]) VALUES (270, N'Nelliady', NULL)
INSERT [dbo].[PoliceStations] ([StationId], [StationName], [StationAddress]) VALUES (271, N'Neluwa', NULL)
INSERT [dbo].[PoliceStations] ([StationId], [StationName], [StationAddress]) VALUES (272, N'Nikaweratiya', NULL)
INSERT [dbo].[PoliceStations] ([StationId], [StationName], [StationAddress]) VALUES (273, N'Nittambuwa', NULL)
INSERT [dbo].[PoliceStations] ([StationId], [StationName], [StationAddress]) VALUES (274, N'Nivithigala ', NULL)
INSERT [dbo].[PoliceStations] ([StationId], [StationName], [StationAddress]) VALUES (275, N'Nochchiyagama ', NULL)
INSERT [dbo].[PoliceStations] ([StationId], [StationName], [StationAddress]) VALUES (276, N'Nortanbridge', NULL)
INSERT [dbo].[PoliceStations] ([StationId], [StationName], [StationAddress]) VALUES (277, N'Norwood', NULL)
INSERT [dbo].[PoliceStations] ([StationId], [StationName], [StationAddress]) VALUES (278, N'Nugegoda ', NULL)
INSERT [dbo].[PoliceStations] ([StationId], [StationName], [StationAddress]) VALUES (279, N'Nuwara  Eliya', NULL)
INSERT [dbo].[PoliceStations] ([StationId], [StationName], [StationAddress]) VALUES (280, N'Opnayake ', NULL)
INSERT [dbo].[PoliceStations] ([StationId], [StationName], [StationAddress]) VALUES (281, N'Padaviya', NULL)
INSERT [dbo].[PoliceStations] ([StationId], [StationName], [StationAddress]) VALUES (282, N'Padiyathalawa', NULL)
INSERT [dbo].[PoliceStations] ([StationId], [StationName], [StationAddress]) VALUES (283, N'Padukka', NULL)
INSERT [dbo].[PoliceStations] ([StationId], [StationName], [StationAddress]) VALUES (284, N'Palali', NULL)
INSERT [dbo].[PoliceStations] ([StationId], [StationName], [StationAddress]) VALUES (285, N'Pallama', NULL)
INSERT [dbo].[PoliceStations] ([StationId], [StationName], [StationAddress]) VALUES (286, N'Pamunugama ', NULL)
INSERT [dbo].[PoliceStations] ([StationId], [StationName], [StationAddress]) VALUES (287, N'Panadura  - North', NULL)
INSERT [dbo].[PoliceStations] ([StationId], [StationName], [StationAddress]) VALUES (288, N'Panadura  - South', NULL)
INSERT [dbo].[PoliceStations] ([StationId], [StationName], [StationAddress]) VALUES (289, N'Panamura ', NULL)
INSERT [dbo].[PoliceStations] ([StationId], [StationName], [StationAddress]) VALUES (290, N'Pannala ', NULL)
INSERT [dbo].[PoliceStations] ([StationId], [StationName], [StationAddress]) VALUES (291, N'Panvila ', NULL)
INSERT [dbo].[PoliceStations] ([StationId], [StationName], [StationAddress]) VALUES (292, N'Passara', NULL)
INSERT [dbo].[PoliceStations] ([StationId], [StationName], [StationAddress]) VALUES (293, N'Payagala ', NULL)
INSERT [dbo].[PoliceStations] ([StationId], [StationName], [StationAddress]) VALUES (294, N'Peliyagaoda ', NULL)
INSERT [dbo].[PoliceStations] ([StationId], [StationName], [StationAddress]) VALUES (295, N'Peradeniya ', NULL)
INSERT [dbo].[PoliceStations] ([StationId], [StationName], [StationAddress]) VALUES (296, N'Pettah', NULL)
INSERT [dbo].[PoliceStations] ([StationId], [StationName], [StationAddress]) VALUES (297, N'Piliyandala ', NULL)
INSERT [dbo].[PoliceStations] ([StationId], [StationName], [StationAddress]) VALUES (298, N'Pindeniya ', NULL)
INSERT [dbo].[PoliceStations] ([StationId], [StationName], [StationAddress]) VALUES (299, N'Pitabeddara', NULL)
INSERT [dbo].[PoliceStations] ([StationId], [StationName], [StationAddress]) VALUES (300, N'Pitigala ', NULL)
INSERT [dbo].[PoliceStations] ([StationId], [StationName], [StationAddress]) VALUES (301, N'Poddala', NULL)
INSERT [dbo].[PoliceStations] ([StationId], [StationName], [StationAddress]) VALUES (302, N'Point  Pedro ', NULL)
GO
print 'Processed 300 total records'
INSERT [dbo].[PoliceStations] ([StationId], [StationName], [StationAddress]) VALUES (303, N'Polgahawela ', NULL)
INSERT [dbo].[PoliceStations] ([StationId], [StationName], [StationAddress]) VALUES (304, N'Polonnaruwa ', NULL)
INSERT [dbo].[PoliceStations] ([StationId], [StationName], [StationAddress]) VALUES (305, N'Polpithigama ', NULL)
INSERT [dbo].[PoliceStations] ([StationId], [StationName], [StationAddress]) VALUES (306, N'Pothuhera ', NULL)
INSERT [dbo].[PoliceStations] ([StationId], [StationName], [StationAddress]) VALUES (307, N'Pothuvil', NULL)
INSERT [dbo].[PoliceStations] ([StationId], [StationName], [StationAddress]) VALUES (308, N'Pugoda', NULL)
INSERT [dbo].[PoliceStations] ([StationId], [StationName], [StationAddress]) VALUES (309, N'Pulasthigama ', NULL)
INSERT [dbo].[PoliceStations] ([StationId], [StationName], [StationAddress]) VALUES (310, N'Pulmodai', NULL)
INSERT [dbo].[PoliceStations] ([StationId], [StationName], [StationAddress]) VALUES (311, N'Pundaluoya', NULL)
INSERT [dbo].[PoliceStations] ([StationId], [StationName], [StationAddress]) VALUES (312, N'Pussallewa', NULL)
INSERT [dbo].[PoliceStations] ([StationId], [StationName], [StationAddress]) VALUES (313, N'Puttalam', NULL)
INSERT [dbo].[PoliceStations] ([StationId], [StationName], [StationAddress]) VALUES (314, N'Raddolugama', NULL)
INSERT [dbo].[PoliceStations] ([StationId], [StationName], [StationAddress]) VALUES (315, N'Ragala ', NULL)
INSERT [dbo].[PoliceStations] ([StationId], [StationName], [StationAddress]) VALUES (316, N'Ragama ', NULL)
INSERT [dbo].[PoliceStations] ([StationId], [StationName], [StationAddress]) VALUES (317, N'Rajangane', NULL)
INSERT [dbo].[PoliceStations] ([StationId], [StationName], [StationAddress]) VALUES (318, N'Rakwana ', NULL)
INSERT [dbo].[PoliceStations] ([StationId], [StationName], [StationAddress]) VALUES (319, N'Rambadagalla ', NULL)
INSERT [dbo].[PoliceStations] ([StationId], [StationName], [StationAddress]) VALUES (320, N'Rambukkana ', NULL)
INSERT [dbo].[PoliceStations] ([StationId], [StationName], [StationAddress]) VALUES (321, N'Rangala ', NULL)
INSERT [dbo].[PoliceStations] ([StationId], [StationName], [StationAddress]) VALUES (322, N'Rasnayakepura ', NULL)
INSERT [dbo].[PoliceStations] ([StationId], [StationName], [StationAddress]) VALUES (323, N'Ratgama ', NULL)
INSERT [dbo].[PoliceStations] ([StationId], [StationName], [StationAddress]) VALUES (324, N'Ratnapura ', NULL)
INSERT [dbo].[PoliceStations] ([StationId], [StationName], [StationAddress]) VALUES (325, N'Rattota', NULL)
INSERT [dbo].[PoliceStations] ([StationId], [StationName], [StationAddress]) VALUES (326, N'Ruwanwella ', NULL)
INSERT [dbo].[PoliceStations] ([StationId], [StationName], [StationAddress]) VALUES (327, N'Saliyawewa', NULL)
INSERT [dbo].[PoliceStations] ([StationId], [StationName], [StationAddress]) VALUES (328, N'Samanthurai', NULL)
INSERT [dbo].[PoliceStations] ([StationId], [StationName], [StationAddress]) VALUES (329, N'Sampoor', NULL)
INSERT [dbo].[PoliceStations] ([StationId], [StationName], [StationAddress]) VALUES (330, N'Sapugaskanda ', NULL)
INSERT [dbo].[PoliceStations] ([StationId], [StationName], [StationAddress]) VALUES (331, N'Seeduwa', NULL)
INSERT [dbo].[PoliceStations] ([StationId], [StationName], [StationAddress]) VALUES (332, N'Serunuwara ', NULL)
INSERT [dbo].[PoliceStations] ([StationId], [StationName], [StationAddress]) VALUES (333, N'Sewanagala ', NULL)
INSERT [dbo].[PoliceStations] ([StationId], [StationName], [StationAddress]) VALUES (334, N'Sigiriya ', NULL)
INSERT [dbo].[PoliceStations] ([StationId], [StationName], [StationAddress]) VALUES (335, N'Silawathurai ', NULL)
INSERT [dbo].[PoliceStations] ([StationId], [StationName], [StationAddress]) VALUES (336, N'Siyabalanduwa ', NULL)
INSERT [dbo].[PoliceStations] ([StationId], [StationName], [StationAddress]) VALUES (337, N'Slave  Island ', NULL)
INSERT [dbo].[PoliceStations] ([StationId], [StationName], [StationAddress]) VALUES (338, N'Sooriyawewa', NULL)
INSERT [dbo].[PoliceStations] ([StationId], [StationName], [StationAddress]) VALUES (339, N'sripura ', NULL)
INSERT [dbo].[PoliceStations] ([StationId], [StationName], [StationAddress]) VALUES (340, N'Talangama ', NULL)
INSERT [dbo].[PoliceStations] ([StationId], [StationName], [StationAddress]) VALUES (341, N'Tangalle', NULL)
INSERT [dbo].[PoliceStations] ([StationId], [StationName], [StationAddress]) VALUES (342, N'Teldeniya', NULL)
INSERT [dbo].[PoliceStations] ([StationId], [StationName], [StationAddress]) VALUES (343, N'Thalaimannar', NULL)
INSERT [dbo].[PoliceStations] ([StationId], [StationName], [StationAddress]) VALUES (344, N'Thalatuoya', NULL)
INSERT [dbo].[PoliceStations] ([StationId], [StationName], [StationAddress]) VALUES (345, N'Thalawa ', NULL)
INSERT [dbo].[PoliceStations] ([StationId], [StationName], [StationAddress]) VALUES (346, N'Thalawakele', NULL)
INSERT [dbo].[PoliceStations] ([StationId], [StationName], [StationAddress]) VALUES (347, N'Thabalagamuwa ', NULL)
INSERT [dbo].[PoliceStations] ([StationId], [StationName], [StationAddress]) VALUES (348, N'Thambuttegama ', NULL)
INSERT [dbo].[PoliceStations] ([StationId], [StationName], [StationAddress]) VALUES (349, N'Thanamalvila ', NULL)
INSERT [dbo].[PoliceStations] ([StationId], [StationName], [StationAddress]) VALUES (350, N'Thanthirimale ', NULL)
INSERT [dbo].[PoliceStations] ([StationId], [StationName], [StationAddress]) VALUES (351, N'Thebuwana ', NULL)
INSERT [dbo].[PoliceStations] ([StationId], [StationName], [StationAddress]) VALUES (352, N'Thelikada ', NULL)
INSERT [dbo].[PoliceStations] ([StationId], [StationName], [StationAddress]) VALUES (353, N'Thelippalai', NULL)
INSERT [dbo].[PoliceStations] ([StationId], [StationName], [StationAddress]) VALUES (354, N'Theripeha ', NULL)
INSERT [dbo].[PoliceStations] ([StationId], [StationName], [StationAddress]) VALUES (355, N'Thihagoda', NULL)
INSERT [dbo].[PoliceStations] ([StationId], [StationName], [StationAddress]) VALUES (356, N'Thiniyawala ', NULL)
INSERT [dbo].[PoliceStations] ([StationId], [StationName], [StationAddress]) VALUES (357, N'Thirappane ', NULL)
INSERT [dbo].[PoliceStations] ([StationId], [StationName], [StationAddress]) VALUES (358, N'Thirukkovil', NULL)
INSERT [dbo].[PoliceStations] ([StationId], [StationName], [StationAddress]) VALUES (359, N'Tissamaharamaya ', NULL)
INSERT [dbo].[PoliceStations] ([StationId], [StationName], [StationAddress]) VALUES (360, N'Trincomalee', NULL)
INSERT [dbo].[PoliceStations] ([StationId], [StationName], [StationAddress]) VALUES (361, N'Trincomalee- Habour', NULL)
INSERT [dbo].[PoliceStations] ([StationId], [StationName], [StationAddress]) VALUES (362, N'Udamaluwa ', NULL)
INSERT [dbo].[PoliceStations] ([StationId], [StationName], [StationAddress]) VALUES (363, N'Udapussellewa', NULL)
INSERT [dbo].[PoliceStations] ([StationId], [StationName], [StationAddress]) VALUES (364, N'Udawalawa ', NULL)
INSERT [dbo].[PoliceStations] ([StationId], [StationName], [StationAddress]) VALUES (365, N'Ududumbara ', NULL)
INSERT [dbo].[PoliceStations] ([StationId], [StationName], [StationAddress]) VALUES (366, N'Udugama ', NULL)
INSERT [dbo].[PoliceStations] ([StationId], [StationName], [StationAddress]) VALUES (367, N'Uhana ', NULL)
INSERT [dbo].[PoliceStations] ([StationId], [StationName], [StationAddress]) VALUES (368, N'Uppuweli', NULL)
INSERT [dbo].[PoliceStations] ([StationId], [StationName], [StationAddress]) VALUES (369, N'Uragasmanhandiya', NULL)
INSERT [dbo].[PoliceStations] ([StationId], [StationName], [StationAddress]) VALUES (370, N'Urubokka', NULL)
INSERT [dbo].[PoliceStations] ([StationId], [StationName], [StationAddress]) VALUES (371, N'Uva  Paranagama ', NULL)
INSERT [dbo].[PoliceStations] ([StationId], [StationName], [StationAddress]) VALUES (372, N'Valachchenai ', NULL)
INSERT [dbo].[PoliceStations] ([StationId], [StationName], [StationAddress]) VALUES (373, N'Vavunia', NULL)
INSERT [dbo].[PoliceStations] ([StationId], [StationName], [StationAddress]) VALUES (374, N'Vavunathivu', NULL)
INSERT [dbo].[PoliceStations] ([StationId], [StationName], [StationAddress]) VALUES (375, N'Vellavely', NULL)
INSERT [dbo].[PoliceStations] ([StationId], [StationName], [StationAddress]) VALUES (376, N'Valvettithurai ', NULL)
INSERT [dbo].[PoliceStations] ([StationId], [StationName], [StationAddress]) VALUES (377, N'Veyangoda ', NULL)
INSERT [dbo].[PoliceStations] ([StationId], [StationName], [StationAddress]) VALUES (378, N'Wadduwa ', NULL)
INSERT [dbo].[PoliceStations] ([StationId], [StationName], [StationAddress]) VALUES (379, N'Wadukkotte', NULL)
INSERT [dbo].[PoliceStations] ([StationId], [StationName], [StationAddress]) VALUES (380, N'Wakarai ', NULL)
INSERT [dbo].[PoliceStations] ([StationId], [StationName], [StationAddress]) VALUES (381, N'Walapane ', NULL)
INSERT [dbo].[PoliceStations] ([StationId], [StationName], [StationAddress]) VALUES (382, N'Walasmulla ', NULL)
INSERT [dbo].[PoliceStations] ([StationId], [StationName], [StationAddress]) VALUES (383, N'Wanathawilluwa ', NULL)
INSERT [dbo].[PoliceStations] ([StationId], [StationName], [StationAddress]) VALUES (384, N'Wanduramba ', NULL)
INSERT [dbo].[PoliceStations] ([StationId], [StationName], [StationAddress]) VALUES (385, N'Wanela ', NULL)
INSERT [dbo].[PoliceStations] ([StationId], [StationName], [StationAddress]) VALUES (386, N'Warakapola', NULL)
INSERT [dbo].[PoliceStations] ([StationId], [StationName], [StationAddress]) VALUES (387, N'Wariyapola ', NULL)
INSERT [dbo].[PoliceStations] ([StationId], [StationName], [StationAddress]) VALUES (388, N'Wattala ', NULL)
INSERT [dbo].[PoliceStations] ([StationId], [StationName], [StationAddress]) VALUES (389, N'Wattegama', NULL)
INSERT [dbo].[PoliceStations] ([StationId], [StationName], [StationAddress]) VALUES (390, N'Weeraketiya ', NULL)
INSERT [dbo].[PoliceStations] ([StationId], [StationName], [StationAddress]) VALUES (391, N'Weerambugedera ', NULL)
INSERT [dbo].[PoliceStations] ([StationId], [StationName], [StationAddress]) VALUES (392, N'Weeragula ', NULL)
INSERT [dbo].[PoliceStations] ([StationId], [StationName], [StationAddress]) VALUES (393, N'Weligama ', NULL)
INSERT [dbo].[PoliceStations] ([StationId], [StationName], [StationAddress]) VALUES (394, N'Welegepola', NULL)
INSERT [dbo].[PoliceStations] ([StationId], [StationName], [StationAddress]) VALUES (395, N'Welikada', NULL)
INSERT [dbo].[PoliceStations] ([StationId], [StationName], [StationAddress]) VALUES (396, N'Welikanda ', NULL)
INSERT [dbo].[PoliceStations] ([StationId], [StationName], [StationAddress]) VALUES (397, N'Welimada ', NULL)
INSERT [dbo].[PoliceStations] ([StationId], [StationName], [StationAddress]) VALUES (398, N'Welioya ', NULL)
INSERT [dbo].[PoliceStations] ([StationId], [StationName], [StationAddress]) VALUES (399, N'Welipenna ', NULL)
INSERT [dbo].[PoliceStations] ([StationId], [StationName], [StationAddress]) VALUES (400, N'Weliveriya ', NULL)
INSERT [dbo].[PoliceStations] ([StationId], [StationName], [StationAddress]) VALUES (401, N'Wellampitiya ', NULL)
INSERT [dbo].[PoliceStations] ([StationId], [StationName], [StationAddress]) VALUES (402, N'Wellawa', NULL)
INSERT [dbo].[PoliceStations] ([StationId], [StationName], [StationAddress]) VALUES (403, N'Wellawatta ', NULL)
GO
print 'Processed 400 total records'
INSERT [dbo].[PoliceStations] ([StationId], [StationName], [StationAddress]) VALUES (404, N'Wellawaya', NULL)
INSERT [dbo].[PoliceStations] ([StationId], [StationName], [StationAddress]) VALUES (405, N'Wennappuwa ', NULL)
INSERT [dbo].[PoliceStations] ([StationId], [StationName], [StationAddress]) VALUES (406, N'Wewalwatta', NULL)
INSERT [dbo].[PoliceStations] ([StationId], [StationName], [StationAddress]) VALUES (407, N'Wilgamuwa ', NULL)
INSERT [dbo].[PoliceStations] ([StationId], [StationName], [StationAddress]) VALUES (408, N'Woulfendhal', NULL)
INSERT [dbo].[PoliceStations] ([StationId], [StationName], [StationAddress]) VALUES (409, N'Yakkalamulla ', NULL)
INSERT [dbo].[PoliceStations] ([StationId], [StationName], [StationAddress]) VALUES (410, N'Yatiyantota ', NULL)
INSERT [dbo].[PoliceStations] ([StationId], [StationName], [StationAddress]) VALUES (411, N'KOTAHENE', NULL)
INSERT [dbo].[PoliceStations] ([StationId], [StationName], [StationAddress]) VALUES (412, N'COLOMBO', NULL)
INSERT [dbo].[PoliceStations] ([StationId], [StationName], [StationAddress]) VALUES (413, N'Rajagiriya', NULL)
INSERT [dbo].[PoliceStations] ([StationId], [StationName], [StationAddress]) VALUES (414, N'KARAGAMPITIYA', NULL)
INSERT [dbo].[PoliceStations] ([StationId], [StationName], [StationAddress]) VALUES (415, N'KURUDUWATTA', NULL)
INSERT [dbo].[PoliceStations] ([StationId], [StationName], [StationAddress]) VALUES (416, N'PANNALA', NULL)
INSERT [dbo].[PoliceStations] ([StationId], [StationName], [StationAddress]) VALUES (417, N'WEERAMULA', NULL)
INSERT [dbo].[PoliceStations] ([StationId], [StationName], [StationAddress]) VALUES (418, N'PAYAGALA', NULL)
INSERT [dbo].[PoliceStations] ([StationId], [StationName], [StationAddress]) VALUES (419, N'KIDALGAMA', NULL)
INSERT [dbo].[PoliceStations] ([StationId], [StationName], [StationAddress]) VALUES (420, N'MUNDALAMA', NULL)
INSERT [dbo].[PoliceStations] ([StationId], [StationName], [StationAddress]) VALUES (421, N'UWANA', NULL)
INSERT [dbo].[PoliceStations] ([StationId], [StationName], [StationAddress]) VALUES (422, N'PILIYANDALA', NULL)
INSERT [dbo].[PoliceStations] ([StationId], [StationName], [StationAddress]) VALUES (423, N'WILACHCHIYA', NULL)
INSERT [dbo].[PoliceStations] ([StationId], [StationName], [StationAddress]) VALUES (424, N'KADURUWELA', NULL)
INSERT [dbo].[PoliceStations] ([StationId], [StationName], [StationAddress]) VALUES (425, N'KURUNEGALE', NULL)
INSERT [dbo].[PoliceStations] ([StationId], [StationName], [StationAddress]) VALUES (426, N'ANGODA', NULL)
INSERT [dbo].[PoliceStations] ([StationId], [StationName], [StationAddress]) VALUES (427, N'BENTOTA', NULL)
INSERT [dbo].[PoliceStations] ([StationId], [StationName], [StationAddress]) VALUES (428, N'THELDENIYA', NULL)
INSERT [dbo].[PoliceStations] ([StationId], [StationName], [StationAddress]) VALUES (429, N'OKKAMPITIYA', NULL)
INSERT [dbo].[PoliceStations] ([StationId], [StationName], [StationAddress]) VALUES (430, N'IBBAGAMUWA', NULL)
INSERT [dbo].[PoliceStations] ([StationId], [StationName], [StationAddress]) VALUES (431, N'Manikhinna', NULL)
INSERT [dbo].[PoliceStations] ([StationId], [StationName], [StationAddress]) VALUES (432, N'YATAWATTA', NULL)
INSERT [dbo].[PoliceStations] ([StationId], [StationName], [StationAddress]) VALUES (433, N'GALKISSA', NULL)
INSERT [dbo].[PoliceStations] ([StationId], [StationName], [StationAddress]) VALUES (434, N'KESELWATTA', NULL)
INSERT [dbo].[PoliceStations] ([StationId], [StationName], [StationAddress]) VALUES (435, N'Lahugala', NULL)
INSERT [dbo].[PoliceStations] ([StationId], [StationName], [StationAddress]) VALUES (436, N'Moronthuduwa', NULL)
INSERT [dbo].[PoliceStations] ([StationId], [StationName], [StationAddress]) VALUES (437, N'MORAITHUDUWA', NULL)
INSERT [dbo].[PoliceStations] ([StationId], [StationName], [StationAddress]) VALUES (438, N'Kaduwela', NULL)
INSERT [dbo].[PoliceStations] ([StationId], [StationName], [StationAddress]) VALUES (439, N'Maligawatte', NULL)
INSERT [dbo].[PoliceStations] ([StationId], [StationName], [StationAddress]) VALUES (440, N'WELIKAPOLA', NULL)
INSERT [dbo].[PoliceStations] ([StationId], [StationName], [StationAddress]) VALUES (441, N'GALBEMMA', NULL)
INSERT [dbo].[PoliceStations] ([StationId], [StationName], [StationAddress]) VALUES (442, N'HAMAR STREET', NULL)
INSERT [dbo].[PoliceStations] ([StationId], [StationName], [StationAddress]) VALUES (443, N'Karapitiya', NULL)
INSERT [dbo].[PoliceStations] ([StationId], [StationName], [StationAddress]) VALUES (444, N'MADAMPE', NULL)
INSERT [dbo].[PoliceStations] ([StationId], [StationName], [StationAddress]) VALUES (445, N'KOLONNAWA', NULL)
INSERT [dbo].[PoliceStations] ([StationId], [StationName], [StationAddress]) VALUES (446, N'KILINOCHCHIYA', NULL)
INSERT [dbo].[PoliceStations] ([StationId], [StationName], [StationAddress]) VALUES (447, N'KILINOCHCHI', NULL)
INSERT [dbo].[PoliceStations] ([StationId], [StationName], [StationAddress]) VALUES (448, N'PATHANA', NULL)
INSERT [dbo].[PoliceStations] ([StationId], [StationName], [StationAddress]) VALUES (449, N'ORUGODAWATTA', NULL)
INSERT [dbo].[PoliceStations] ([StationId], [StationName], [StationAddress]) VALUES (450, N'AGURUWATOTA', NULL)
INSERT [dbo].[PoliceStations] ([StationId], [StationName], [StationAddress]) VALUES (451, N'RATNAPURA', NULL)
INSERT [dbo].[PoliceStations] ([StationId], [StationName], [StationAddress]) VALUES (452, N'COLOMBO-7', NULL)
INSERT [dbo].[PoliceStations] ([StationId], [StationName], [StationAddress]) VALUES (453, N'KIRIBATHGODA', NULL)
INSERT [dbo].[PoliceStations] ([StationId], [StationName], [StationAddress]) VALUES (454, N'PITA KOTTE', NULL)
INSERT [dbo].[PoliceStations] ([StationId], [StationName], [StationAddress]) VALUES (455, N'MALABE', NULL)
INSERT [dbo].[PoliceStations] ([StationId], [StationName], [StationAddress]) VALUES (456, N'Kalatuoya', NULL)
INSERT [dbo].[PoliceStations] ([StationId], [StationName], [StationAddress]) VALUES (457, N'RATHMALANA', NULL)
INSERT [dbo].[PoliceStations] ([StationId], [StationName], [StationAddress]) VALUES (458, N'Battaramulla', NULL)
INSERT [dbo].[PoliceStations] ([StationId], [StationName], [StationAddress]) VALUES (459, N'SETTIKULAM', NULL)
INSERT [dbo].[PoliceStations] ([StationId], [StationName], [StationAddress]) VALUES (460, N'Harbour', NULL)
INSERT [dbo].[PoliceStations] ([StationId], [StationName], [StationAddress]) VALUES (461, N'MINARIYA', NULL)
INSERT [dbo].[PoliceStations] ([StationId], [StationName], [StationAddress]) VALUES (462, N'MINNERIYA', NULL)
INSERT [dbo].[PoliceStations] ([StationId], [StationName], [StationAddress]) VALUES (463, N'MARADANA', NULL)
INSERT [dbo].[PoliceStations] ([StationId], [StationName], [StationAddress]) VALUES (464, N'AMARWEEDIYA', NULL)
INSERT [dbo].[PoliceStations] ([StationId], [StationName], [StationAddress]) VALUES (465, N'KESBAWA', NULL)
INSERT [dbo].[PoliceStations] ([StationId], [StationName], [StationAddress]) VALUES (466, N'BORALANDA', NULL)
INSERT [dbo].[PoliceStations] ([StationId], [StationName], [StationAddress]) VALUES (467, N'WOOLSENDEN', NULL)
INSERT [dbo].[PoliceStations] ([StationId], [StationName], [StationAddress]) VALUES (468, N'NIVITIGALA', NULL)
INSERT [dbo].[PoliceStations] ([StationId], [StationName], [StationAddress]) VALUES (469, N'THIBIRIGASYAYA', NULL)
INSERT [dbo].[PoliceStations] ([StationId], [StationName], [StationAddress]) VALUES (470, N'PASYALA', NULL)
INSERT [dbo].[PoliceStations] ([StationId], [StationName], [StationAddress]) VALUES (471, N'DAWUGALA', NULL)
INSERT [dbo].[PoliceStations] ([StationId], [StationName], [StationAddress]) VALUES (472, N'Pannipitiya', NULL)
INSERT [dbo].[PoliceStations] ([StationId], [StationName], [StationAddress]) VALUES (473, N'KOTTE', NULL)
INSERT [dbo].[PoliceStations] ([StationId], [StationName], [StationAddress]) VALUES (474, N'PET', NULL)
INSERT [dbo].[PoliceStations] ([StationId], [StationName], [StationAddress]) VALUES (475, N'Kodikgaman', NULL)
INSERT [dbo].[PoliceStations] ([StationId], [StationName], [StationAddress]) VALUES (476, N'KARUWALAGAS WEVA', NULL)
INSERT [dbo].[PoliceStations] ([StationId], [StationName], [StationAddress]) VALUES (477, N'DIYAGODA', NULL)
INSERT [dbo].[PoliceStations] ([StationId], [StationName], [StationAddress]) VALUES (478, N'AHANGAMA', NULL)
INSERT [dbo].[PoliceStations] ([StationId], [StationName], [StationAddress]) VALUES (479, N'PORT POLICE', NULL)
INSERT [dbo].[PoliceStations] ([StationId], [StationName], [StationAddress]) VALUES (480, N'BOPITIYA', NULL)
INSERT [dbo].[PoliceStations] ([StationId], [StationName], [StationAddress]) VALUES (481, N'KALMUNAI', NULL)
INSERT [dbo].[PoliceStations] ([StationId], [StationName], [StationAddress]) VALUES (482, N'Kahawa', NULL)
INSERT [dbo].[PoliceStations] ([StationId], [StationName], [StationAddress]) VALUES (483, N'Karawanella', NULL)
INSERT [dbo].[PoliceStations] ([StationId], [StationName], [StationAddress]) VALUES (484, N'THALANGAMA', NULL)
INSERT [dbo].[PoliceStations] ([StationId], [StationName], [StationAddress]) VALUES (485, N'PALMADULLA', NULL)
INSERT [dbo].[PoliceStations] ([StationId], [StationName], [StationAddress]) VALUES (486, N'MILLENIYA', NULL)
INSERT [dbo].[PoliceStations] ([StationId], [StationName], [StationAddress]) VALUES (487, N'THANTIRIMALE', NULL)
INSERT [dbo].[PoliceStations] ([StationId], [StationName], [StationAddress]) VALUES (488, N'Ederamulla', NULL)
INSERT [dbo].[PoliceStations] ([StationId], [StationName], [StationAddress]) VALUES (489, N'WERALLAWATTA', NULL)
INSERT [dbo].[PoliceStations] ([StationId], [StationName], [StationAddress]) VALUES (490, N'OMANTE', NULL)
INSERT [dbo].[PoliceStations] ([StationId], [StationName], [StationAddress]) VALUES (491, N'ANAMADUWA', NULL)
INSERT [dbo].[PoliceStations] ([StationId], [StationName], [StationAddress]) VALUES (492, N'YAKKALA', NULL)
INSERT [dbo].[PoliceStations] ([StationId], [StationName], [StationAddress]) VALUES (493, N'MALSIRIPURA', NULL)
INSERT [dbo].[PoliceStations] ([StationId], [StationName], [StationAddress]) VALUES (494, N'MEERIGAMA', NULL)
INSERT [dbo].[PoliceStations] ([StationId], [StationName], [StationAddress]) VALUES (495, N'KETETHANNA', NULL)
INSERT [dbo].[PoliceStations] ([StationId], [StationName], [StationAddress]) VALUES (496, N'KATHARAGAMA', NULL)
INSERT [dbo].[PoliceStations] ([StationId], [StationName], [StationAddress]) VALUES (497, N'Averiyawatta', NULL)
INSERT [dbo].[PoliceStations] ([StationId], [StationName], [StationAddress]) VALUES (498, N'PAHATHGAMA', NULL)
INSERT [dbo].[PoliceStations] ([StationId], [StationName], [StationAddress]) VALUES (499, N'Kottigala', NULL)
INSERT [dbo].[PoliceStations] ([StationId], [StationName], [StationAddress]) VALUES (500, N'Mahawewa', NULL)
INSERT [dbo].[PoliceStations] ([StationId], [StationName], [StationAddress]) VALUES (501, N'WELIWERIYA', NULL)
INSERT [dbo].[PoliceStations] ([StationId], [StationName], [StationAddress]) VALUES (502, N'RATHMALGAHAELLA', NULL)
INSERT [dbo].[PoliceStations] ([StationId], [StationName], [StationAddress]) VALUES (503, N'UDAKKUWA', NULL)
INSERT [dbo].[PoliceStations] ([StationId], [StationName], [StationAddress]) VALUES (504, N'MAHIYANGANAYA', NULL)
GO
print 'Processed 500 total records'
INSERT [dbo].[PoliceStations] ([StationId], [StationName], [StationAddress]) VALUES (505, N'DIULAPITIYA', NULL)
INSERT [dbo].[PoliceStations] ([StationId], [StationName], [StationAddress]) VALUES (506, N'AHURUGIRIYA', NULL)
INSERT [dbo].[PoliceStations] ([StationId], [StationName], [StationAddress]) VALUES (507, N'PARITURAI', NULL)
INSERT [dbo].[PoliceStations] ([StationId], [StationName], [StationAddress]) VALUES (508, N'REETHIGAMA', NULL)
INSERT [dbo].[PoliceStations] ([StationId], [StationName], [StationAddress]) VALUES (509, N'ARAWOOR', NULL)
INSERT [dbo].[PoliceStations] ([StationId], [StationName], [StationAddress]) VALUES (510, N'POLGAHAWELA', NULL)
INSERT [dbo].[PoliceStations] ([StationId], [StationName], [StationAddress]) VALUES (511, N'Gelioya', NULL)
INSERT [dbo].[PoliceStations] ([StationId], [StationName], [StationAddress]) VALUES (512, N'AUKUBURA', NULL)
INSERT [dbo].[PoliceStations] ([StationId], [StationName], [StationAddress]) VALUES (513, N'NAWALA', NULL)
INSERT [dbo].[PoliceStations] ([StationId], [StationName], [StationAddress]) VALUES (514, N'Kolpitygama', NULL)
INSERT [dbo].[PoliceStations] ([StationId], [StationName], [StationAddress]) VALUES (515, N'WATTALA', NULL)
INSERT [dbo].[PoliceStations] ([StationId], [StationName], [StationAddress]) VALUES (516, N'BENTARA', NULL)
INSERT [dbo].[PoliceStations] ([StationId], [StationName], [StationAddress]) VALUES (517, N'Maradamuna', NULL)
INSERT [dbo].[PoliceStations] ([StationId], [StationName], [StationAddress]) VALUES (518, N'Lunugamvehera', NULL)
INSERT [dbo].[PoliceStations] ([StationId], [StationName], [StationAddress]) VALUES (519, N'Madu', NULL)
INSERT [dbo].[PoliceStations] ([StationId], [StationName], [StationAddress]) VALUES (520, N'TISSAMAHARAMA', NULL)
INSERT [dbo].[PoliceStations] ([StationId], [StationName], [StationAddress]) VALUES (521, N'Kolpiti', NULL)
INSERT [dbo].[PoliceStations] ([StationId], [StationName], [StationAddress]) VALUES (522, N'Rekillagaskada', NULL)
INSERT [dbo].[PoliceStations] ([StationId], [StationName], [StationAddress]) VALUES (523, N'Vavuniya', NULL)
INSERT [dbo].[PoliceStations] ([StationId], [StationName], [StationAddress]) VALUES (524, N'PANADURA', NULL)
INSERT [dbo].[PoliceStations] ([StationId], [StationName], [StationAddress]) VALUES (525, N'VADINAGALA', NULL)
INSERT [dbo].[PoliceStations] ([StationId], [StationName], [StationAddress]) VALUES (526, N'MAHAWA', NULL)
INSERT [dbo].[PoliceStations] ([StationId], [StationName], [StationAddress]) VALUES (527, N'THALAWATHUGODA', NULL)
INSERT [dbo].[PoliceStations] ([StationId], [StationName], [StationAddress]) VALUES (528, N'APPUTHALA', NULL)
INSERT [dbo].[PoliceStations] ([StationId], [StationName], [StationAddress]) VALUES (529, N'Kaburupitiya', NULL)
INSERT [dbo].[PoliceStations] ([StationId], [StationName], [StationAddress]) VALUES (530, N'GALAHA', NULL)
INSERT [dbo].[PoliceStations] ([StationId], [StationName], [StationAddress]) VALUES (531, N'KOTADANIYAWA', NULL)
INSERT [dbo].[PoliceStations] ([StationId], [StationName], [StationAddress]) VALUES (532, N'AGARUWATOTA', NULL)
INSERT [dbo].[PoliceStations] ([StationId], [StationName], [StationAddress]) VALUES (533, N'WALACHCHENAYA', NULL)
INSERT [dbo].[PoliceStations] ([StationId], [StationName], [StationAddress]) VALUES (534, N'PERADENIYA', NULL)
INSERT [dbo].[PoliceStations] ([StationId], [StationName], [StationAddress]) VALUES (535, N'DELKADA', NULL)
INSERT [dbo].[PoliceStations] ([StationId], [StationName], [StationAddress]) VALUES (536, N'KOTTAWA', NULL)
INSERT [dbo].[PoliceStations] ([StationId], [StationName], [StationAddress]) VALUES (537, N'matugama', NULL)
INSERT [dbo].[PoliceStations] ([StationId], [StationName], [StationAddress]) VALUES (538, N'PULIYANKULAM', NULL)
INSERT [dbo].[PoliceStations] ([StationId], [StationName], [StationAddress]) VALUES (539, N'MEETIGODA', NULL)
INSERT [dbo].[PoliceStations] ([StationId], [StationName], [StationAddress]) VALUES (540, N'PANAGODA', NULL)
INSERT [dbo].[PoliceStations] ([StationId], [StationName], [StationAddress]) VALUES (541, N'OORANI', NULL)
INSERT [dbo].[PoliceStations] ([StationId], [StationName], [StationAddress]) VALUES (542, N'MOOTOR', NULL)
INSERT [dbo].[PoliceStations] ([StationId], [StationName], [StationAddress]) VALUES (543, N'IRAMADUKULAM', NULL)
INSERT [dbo].[PoliceStations] ([StationId], [StationName], [StationAddress]) VALUES (544, N'MADAGAMA', NULL)
INSERT [dbo].[PoliceStations] ([StationId], [StationName], [StationAddress]) VALUES (545, N'ATHIMALE', NULL)
INSERT [dbo].[PoliceStations] ([StationId], [StationName], [StationAddress]) VALUES (546, N'Balapitiya', NULL)
INSERT [dbo].[PoliceStations] ([StationId], [StationName], [StationAddress]) VALUES (547, N'Pabainna', NULL)
INSERT [dbo].[PoliceStations] ([StationId], [StationName], [StationAddress]) VALUES (548, N'AHALIYAGODA', NULL)
INSERT [dbo].[PoliceStations] ([StationId], [StationName], [StationAddress]) VALUES (549, N'Daraniyagala', NULL)
INSERT [dbo].[PoliceStations] ([StationId], [StationName], [StationAddress]) VALUES (550, N'ABEYWELA', NULL)
INSERT [dbo].[PoliceStations] ([StationId], [StationName], [StationAddress]) VALUES (551, N'ATAMPITIYA', NULL)
INSERT [dbo].[PoliceStations] ([StationId], [StationName], [StationAddress]) VALUES (552, N'K', NULL)
INSERT [dbo].[PoliceStations] ([StationId], [StationName], [StationAddress]) VALUES (553, N'AMER STREET', NULL)
INSERT [dbo].[PoliceStations] ([StationId], [StationName], [StationAddress]) VALUES (554, N'MONARAGALA', NULL)
INSERT [dbo].[PoliceStations] ([StationId], [StationName], [StationAddress]) VALUES (555, N'MAWARALA', NULL)
INSERT [dbo].[PoliceStations] ([StationId], [StationName], [StationAddress]) VALUES (556, N'ARANAYAKA', NULL)
INSERT [dbo].[PoliceStations] ([StationId], [StationName], [StationAddress]) VALUES (557, N'GATABE', NULL)
INSERT [dbo].[PoliceStations] ([StationId], [StationName], [StationAddress]) VALUES (558, N'GOKARALLA', NULL)
INSERT [dbo].[PoliceStations] ([StationId], [StationName], [StationAddress]) VALUES (559, N'PINWATTA', NULL)
INSERT [dbo].[PoliceStations] ([StationId], [StationName], [StationAddress]) VALUES (560, N'DAYAGAMA', NULL)
INSERT [dbo].[PoliceStations] ([StationId], [StationName], [StationAddress]) VALUES (561, N'MARATENNA', NULL)
INSERT [dbo].[PoliceStations] ([StationId], [StationName], [StationAddress]) VALUES (562, N'RABEVA', NULL)
INSERT [dbo].[PoliceStations] ([StationId], [StationName], [StationAddress]) VALUES (563, N'MADULSIMA', NULL)
INSERT [dbo].[PoliceStations] ([StationId], [StationName], [StationAddress]) VALUES (564, N'POLGASOWITA', NULL)
INSERT [dbo].[PoliceStations] ([StationId], [StationName], [StationAddress]) VALUES (565, N'Nikawaratiya', NULL)
INSERT [dbo].[PoliceStations] ([StationId], [StationName], [StationAddress]) VALUES (566, N'NORTON', NULL)
INSERT [dbo].[PoliceStations] ([StationId], [StationName], [StationAddress]) VALUES (567, N'HIRANA', NULL)
INSERT [dbo].[PoliceStations] ([StationId], [StationName], [StationAddress]) VALUES (568, N'MORAGAHAHENA', NULL)
INSERT [dbo].[PoliceStations] ([StationId], [StationName], [StationAddress]) VALUES (569, N'WELLAWEEDIYA', NULL)
INSERT [dbo].[PoliceStations] ([StationId], [StationName], [StationAddress]) VALUES (570, N'AMARSTREET', NULL)
INSERT [dbo].[PoliceStations] ([StationId], [StationName], [StationAddress]) VALUES (571, N'PANAWEWA', NULL)
INSERT [dbo].[PoliceStations] ([StationId], [StationName], [StationAddress]) VALUES (572, N'WARAPITIYA', NULL)
INSERT [dbo].[PoliceStations] ([StationId], [StationName], [StationAddress]) VALUES (573, N'INGURAGGODA', NULL)
INSERT [dbo].[PoliceStations] ([StationId], [StationName], [StationAddress]) VALUES (574, N'AKKARAPATTUWA', NULL)
INSERT [dbo].[PoliceStations] ([StationId], [StationName], [StationAddress]) VALUES (575, N'WELISARA', NULL)
INSERT [dbo].[PoliceStations] ([StationId], [StationName], [StationAddress]) VALUES (576, N'Rideegama', NULL)
INSERT [dbo].[PoliceStations] ([StationId], [StationName], [StationAddress]) VALUES (577, N'MEETIYAGODA', NULL)
INSERT [dbo].[PoliceStations] ([StationId], [StationName], [StationAddress]) VALUES (578, N'KOSGAMA', NULL)
INSERT [dbo].[PoliceStations] ([StationId], [StationName], [StationAddress]) VALUES (579, N'Mulathiew', NULL)
INSERT [dbo].[PoliceStations] ([StationId], [StationName], [StationAddress]) VALUES (580, N'REEDIGAMA', NULL)
INSERT [dbo].[PoliceStations] ([StationId], [StationName], [StationAddress]) VALUES (581, N'BADALGAMA', NULL)
INSERT [dbo].[PoliceStations] ([StationId], [StationName], [StationAddress]) VALUES (582, N'IMADUWA', NULL)
INSERT [dbo].[PoliceStations] ([StationId], [StationName], [StationAddress]) VALUES (583, N'Kaduruwella', NULL)
INSERT [dbo].[PoliceStations] ([StationId], [StationName], [StationAddress]) VALUES (584, N'PETA', NULL)
INSERT [dbo].[PoliceStations] ([StationId], [StationName], [StationAddress]) VALUES (585, N'Thalahena', NULL)
INSERT [dbo].[PoliceStations] ([StationId], [StationName], [StationAddress]) VALUES (586, N'Ehaliyagoda', NULL)
INSERT [dbo].[PoliceStations] ([StationId], [StationName], [StationAddress]) VALUES (587, N'BENTHARA', NULL)
INSERT [dbo].[PoliceStations] ([StationId], [StationName], [StationAddress]) VALUES (588, N'NUGEGODA', NULL)
INSERT [dbo].[PoliceStations] ([StationId], [StationName], [StationAddress]) VALUES (589, N'KADAWATA', NULL)
INSERT [dbo].[PoliceStations] ([StationId], [StationName], [StationAddress]) VALUES (590, N'W', NULL)
INSERT [dbo].[PoliceStations] ([StationId], [StationName], [StationAddress]) VALUES (591, N'Hemaduwa', NULL)
INSERT [dbo].[PoliceStations] ([StationId], [StationName], [StationAddress]) VALUES (592, N'ELEPHANT PATH', NULL)
INSERT [dbo].[PoliceStations] ([StationId], [StationName], [StationAddress]) VALUES (593, N'Pilimatalawa', NULL)
INSERT [dbo].[PoliceStations] ([StationId], [StationName], [StationAddress]) VALUES (594, N'WADURABE', NULL)
INSERT [dbo].[PoliceStations] ([StationId], [StationName], [StationAddress]) VALUES (595, N'ATTANAGALLE', NULL)
INSERT [dbo].[PoliceStations] ([StationId], [StationName], [StationAddress]) VALUES (596, N'SAMPATHNUWARA', NULL)
INSERT [dbo].[PoliceStations] ([StationId], [StationName], [StationAddress]) VALUES (597, N'PUDUKADUWA', NULL)
INSERT [dbo].[PoliceStations] ([StationId], [StationName], [StationAddress]) VALUES (598, N'KOSMODARA', NULL)
INSERT [dbo].[PoliceStations] ([StationId], [StationName], [StationAddress]) VALUES (599, N'SAMANALA WEWA', NULL)
INSERT [dbo].[PoliceStations] ([StationId], [StationName], [StationAddress]) VALUES (600, N'DAMBULLA', NULL)
INSERT [dbo].[PoliceStations] ([StationId], [StationName], [StationAddress]) VALUES (601, N'ADURUKKUWEEDIYA', NULL)
INSERT [dbo].[PoliceStations] ([StationId], [StationName], [StationAddress]) VALUES (602, N'ATHULKOTTE', NULL)
INSERT [dbo].[PoliceStations] ([StationId], [StationName], [StationAddress]) VALUES (603, N'WARELLAWATTA', NULL)
INSERT [dbo].[PoliceStations] ([StationId], [StationName], [StationAddress]) VALUES (604, N'kalutara', NULL)
INSERT [dbo].[PoliceStations] ([StationId], [StationName], [StationAddress]) VALUES (605, N'slic', NULL)
GO
print 'Processed 600 total records'
INSERT [dbo].[PoliceStations] ([StationId], [StationName], [StationAddress]) VALUES (606, N'ARAUL', NULL)
INSERT [dbo].[PoliceStations] ([StationId], [StationName], [StationAddress]) VALUES (607, N'YAKKAWAMULLA', NULL)
INSERT [dbo].[PoliceStations] ([StationId], [StationName], [StationAddress]) VALUES (608, N'Dehiwala', NULL)
INSERT [dbo].[PoliceStations] ([StationId], [StationName], [StationAddress]) VALUES (609, N'RAGAMA', NULL)
INSERT [dbo].[PoliceStations] ([StationId], [StationName], [StationAddress]) VALUES (610, N'MEEGODA', NULL)
INSERT [dbo].[PoliceStations] ([StationId], [StationName], [StationAddress]) VALUES (611, N'KOKGALA', NULL)
INSERT [dbo].[PoliceStations] ([StationId], [StationName], [StationAddress]) VALUES (612, N'A', NULL)
INSERT [dbo].[PoliceStations] ([StationId], [StationName], [StationAddress]) VALUES (613, N'KATUKURUNDA', NULL)
INSERT [dbo].[PoliceStations] ([StationId], [StationName], [StationAddress]) VALUES (614, N'VERELLAWATTA', NULL)
INSERT [dbo].[PoliceStations] ([StationId], [StationName], [StationAddress]) VALUES (615, N'WEERAGULA', NULL)
INSERT [dbo].[PoliceStations] ([StationId], [StationName], [StationAddress]) VALUES (616, N'HARANAGANWILA', NULL)
INSERT [dbo].[PoliceStations] ([StationId], [StationName], [StationAddress]) VALUES (617, N'AWARIWATTA', NULL)
INSERT [dbo].[PoliceStations] ([StationId], [StationName], [StationAddress]) VALUES (618, N'SURIYAWEWA', NULL)
INSERT [dbo].[PoliceStations] ([StationId], [StationName], [StationAddress]) VALUES (619, N'Buthgama', NULL)
INSERT [dbo].[PoliceStations] ([StationId], [StationName], [StationAddress]) VALUES (620, N'RATGAMA', NULL)
INSERT [dbo].[PoliceStations] ([StationId], [StationName], [StationAddress]) VALUES (621, N'MALKULAM', NULL)
INSERT [dbo].[PoliceStations] ([StationId], [StationName], [StationAddress]) VALUES (622, N'Wilgamuwa', NULL)
INSERT [dbo].[PoliceStations] ([StationId], [StationName], [StationAddress]) VALUES (623, N'KUNDASALE', NULL)
INSERT [dbo].[PoliceStations] ([StationId], [StationName], [StationAddress]) VALUES (624, N'Watawala', NULL)
INSERT [dbo].[PoliceStations] ([StationId], [StationName], [StationAddress]) VALUES (625, N'Madirigiriya', NULL)
INSERT [dbo].[PoliceStations] ([StationId], [StationName], [StationAddress]) VALUES (626, N'KK', NULL)
INSERT [dbo].[PoliceStations] ([StationId], [StationName], [StationAddress]) VALUES (627, N'PE', NULL)
INSERT [dbo].[PoliceStations] ([StationId], [StationName], [StationAddress]) VALUES (628, N'PORT', NULL)
INSERT [dbo].[PoliceStations] ([StationId], [StationName], [StationAddress]) VALUES (629, N'WELLIGAMA', NULL)
INSERT [dbo].[PoliceStations] ([StationId], [StationName], [StationAddress]) VALUES (630, N'Waskaduwa', NULL)
INSERT [dbo].[PoliceStations] ([StationId], [StationName], [StationAddress]) VALUES (631, N'SIRIPURA', NULL)
INSERT [dbo].[PoliceStations] ([StationId], [StationName], [StationAddress]) VALUES (632, N'Wewaldeniya', NULL)
INSERT [dbo].[PoliceStations] ([StationId], [StationName], [StationAddress]) VALUES (633, N'MEDA', NULL)
INSERT [dbo].[PoliceStations] ([StationId], [StationName], [StationAddress]) VALUES (634, N'KETETENNA', NULL)
INSERT [dbo].[PoliceStations] ([StationId], [StationName], [StationAddress]) VALUES (635, N'KURUNEGALA', NULL)
INSERT [dbo].[PoliceStations] ([StationId], [StationName], [StationAddress]) VALUES (636, N'Sarikamulla', NULL)
INSERT [dbo].[PoliceStations] ([StationId], [StationName], [StationAddress]) VALUES (637, N'KOTTA', NULL)
INSERT [dbo].[PoliceStations] ([StationId], [StationName], [StationAddress]) VALUES (638, N'Godagama', NULL)
INSERT [dbo].[PoliceStations] ([StationId], [StationName], [StationAddress]) VALUES (639, N'HOKANDARA', NULL)
INSERT [dbo].[PoliceStations] ([StationId], [StationName], [StationAddress]) VALUES (640, N'KALUTHARA', NULL)
INSERT [dbo].[PoliceStations] ([StationId], [StationName], [StationAddress]) VALUES (641, N'BERUWALA', NULL)
INSERT [dbo].[PoliceStations] ([StationId], [StationName], [StationAddress]) VALUES (642, N'Huragah', NULL)
INSERT [dbo].[PoliceStations] ([StationId], [StationName], [StationAddress]) VALUES (643, N'rahna', NULL)
INSERT [dbo].[PoliceStations] ([StationId], [StationName], [StationAddress]) VALUES (644, N'KULIYAPITIYA', NULL)
INSERT [dbo].[PoliceStations] ([StationId], [StationName], [StationAddress]) VALUES (645, N'MOUNT LAVINIA', NULL)
INSERT [dbo].[PoliceStations] ([StationId], [StationName], [StationAddress]) VALUES (646, N'Kirinda', NULL)
INSERT [dbo].[PoliceStations] ([StationId], [StationName], [StationAddress]) VALUES (647, N'MO', NULL)
INSERT [dbo].[PoliceStations] ([StationId], [StationName], [StationAddress]) VALUES (648, N'S', NULL)
INSERT [dbo].[PoliceStations] ([StationId], [StationName], [StationAddress]) VALUES (649, N'Weligama', NULL)
INSERT [dbo].[PoliceStations] ([StationId], [StationName], [StationAddress]) VALUES (650, N'Kandapola', NULL)
INSERT [dbo].[PoliceStations] ([StationId], [StationName], [StationAddress]) VALUES (651, N'DIOLOG TELECOM', NULL)
INSERT [dbo].[PoliceStations] ([StationId], [StationName], [StationAddress]) VALUES (652, N'Mankulam', NULL)
INSERT [dbo].[PoliceStations] ([StationId], [StationName], [StationAddress]) VALUES (653, N'Pohddiwala', NULL)
INSERT [dbo].[PoliceStations] ([StationId], [StationName], [StationAddress]) VALUES (654, N'Koticawatte', NULL)
INSERT [dbo].[PoliceStations] ([StationId], [StationName], [StationAddress]) VALUES (655, N'Eppawala', NULL)
INSERT [dbo].[PoliceStations] ([StationId], [StationName], [StationAddress]) VALUES (656, N'Udabage', NULL)
INSERT [dbo].[PoliceStations] ([StationId], [StationName], [StationAddress]) VALUES (657, N'WENNAPUWA', NULL)
INSERT [dbo].[PoliceStations] ([StationId], [StationName], [StationAddress]) VALUES (658, N'KOTADENIYAWA', NULL)
INSERT [dbo].[PoliceStations] ([StationId], [StationName], [StationAddress]) VALUES (659, N'MAKADURA', NULL)
INSERT [dbo].[PoliceStations] ([StationId], [StationName], [StationAddress]) VALUES (660, N'MADIWELA', NULL)
INSERT [dbo].[PoliceStations] ([StationId], [StationName], [StationAddress]) VALUES (661, N'ALUTHKADE', NULL)
INSERT [dbo].[PoliceStations] ([StationId], [StationName], [StationAddress]) VALUES (662, N'Aluth kade', NULL)
INSERT [dbo].[PoliceStations] ([StationId], [StationName], [StationAddress]) VALUES (663, N'Katugasthota', NULL)
INSERT [dbo].[PoliceStations] ([StationId], [StationName], [StationAddress]) VALUES (664, N'THIMBIRIGASYAYA', NULL)
INSERT [dbo].[PoliceStations] ([StationId], [StationName], [StationAddress]) VALUES (665, N'Mathugama', NULL)
INSERT [dbo].[PoliceStations] ([StationId], [StationName], [StationAddress]) VALUES (666, N'Gurunagar', NULL)
INSERT [dbo].[PoliceStations] ([StationId], [StationName], [StationAddress]) VALUES (667, N'Weralabada', NULL)
INSERT [dbo].[PoliceStations] ([StationId], [StationName], [StationAddress]) VALUES (668, N'ATHAMPITIYA', NULL)
INSERT [dbo].[PoliceStations] ([StationId], [StationName], [StationAddress]) VALUES (669, N'borell', NULL)
INSERT [dbo].[PoliceStations] ([StationId], [StationName], [StationAddress]) VALUES (670, N'borel', NULL)
INSERT [dbo].[PoliceStations] ([StationId], [StationName], [StationAddress]) VALUES (671, N'SAVAKACHCHERI', NULL)
INSERT [dbo].[PoliceStations] ([StationId], [StationName], [StationAddress]) VALUES (672, N'UDUGAMA', NULL)
INSERT [dbo].[PoliceStations] ([StationId], [StationName], [StationAddress]) VALUES (673, N'G', NULL)
INSERT [dbo].[PoliceStations] ([StationId], [StationName], [StationAddress]) VALUES (674, N'DIGANA', NULL)
INSERT [dbo].[PoliceStations] ([StationId], [StationName], [StationAddress]) VALUES (675, N'AMBILIPITIYA', NULL)
INSERT [dbo].[PoliceStations] ([StationId], [StationName], [StationAddress]) VALUES (676, N'DEWNDARA', NULL)
INSERT [dbo].[PoliceStations] ([StationId], [StationName], [StationAddress]) VALUES (677, N'BAMBALA', NULL)
INSERT [dbo].[PoliceStations] ([StationId], [StationName], [StationAddress]) VALUES (678, N'MILLANIYA', NULL)
INSERT [dbo].[PoliceStations] ([StationId], [StationName], [StationAddress]) VALUES (679, N'SAVALAKADA', NULL)
INSERT [dbo].[PoliceStations] ([StationId], [StationName], [StationAddress]) VALUES (680, N'AVISSAWELLA', NULL)
INSERT [dbo].[PoliceStations] ([StationId], [StationName], [StationAddress]) VALUES (681, N'Diggala', NULL)
INSERT [dbo].[PoliceStations] ([StationId], [StationName], [StationAddress]) VALUES (682, N'Galoya', NULL)
INSERT [dbo].[PoliceStations] ([StationId], [StationName], [StationAddress]) VALUES (683, N'Punahari', NULL)
INSERT [dbo].[PoliceStations] ([StationId], [StationName], [StationAddress]) VALUES (684, N'PILIY', NULL)
INSERT [dbo].[PoliceStations] ([StationId], [StationName], [StationAddress]) VALUES (685, N'PILI', NULL)
INSERT [dbo].[PoliceStations] ([StationId], [StationName], [StationAddress]) VALUES (686, N'PI', NULL)
INSERT [dbo].[PoliceStations] ([StationId], [StationName], [StationAddress]) VALUES (687, N'Kompannaveediya', NULL)
INSERT [dbo].[PoliceStations] ([StationId], [StationName], [StationAddress]) VALUES (688, N'PEDURUTHOTUWA', NULL)
INSERT [dbo].[PoliceStations] ([StationId], [StationName], [StationAddress]) VALUES (689, N'Lunuwattha', NULL)
INSERT [dbo].[PoliceStations] ([StationId], [StationName], [StationAddress]) VALUES (690, N'PELAWATHA', NULL)
INSERT [dbo].[PoliceStations] ([StationId], [StationName], [StationAddress]) VALUES (691, N'RAJA', NULL)
INSERT [dbo].[PoliceStations] ([StationId], [StationName], [StationAddress]) VALUES (692, N'RAJAGIRIA', NULL)
INSERT [dbo].[PoliceStations] ([StationId], [StationName], [StationAddress]) VALUES (693, N'KARAITHWVU', NULL)
INSERT [dbo].[PoliceStations] ([StationId], [StationName], [StationAddress]) VALUES (694, N'BELIHULOYA', NULL)
INSERT [dbo].[PoliceStations] ([StationId], [StationName], [StationAddress]) VALUES (695, N'KINDIWELI', NULL)
INSERT [dbo].[PoliceStations] ([StationId], [StationName], [StationAddress]) VALUES (696, N'MANDOOR', NULL)
INSERT [dbo].[PoliceStations] ([StationId], [StationName], [StationAddress]) VALUES (697, N'KIRULAPONE', NULL)
INSERT [dbo].[PoliceStations] ([StationId], [StationName], [StationAddress]) VALUES (698, N'PERIYA KAL ARU', NULL)
INSERT [dbo].[PoliceStations] ([StationId], [StationName], [StationAddress]) VALUES (699, N'WENNAPPUWA', NULL)
INSERT [dbo].[PoliceStations] ([StationId], [StationName], [StationAddress]) VALUES (700, N'KAKIRAWA', NULL)
INSERT [dbo].[PoliceStations] ([StationId], [StationName], [StationAddress]) VALUES (701, N'MALLAVI', NULL)
INSERT [dbo].[PoliceStations] ([StationId], [StationName], [StationAddress]) VALUES (702, N'THADIGAMA', NULL)
INSERT [dbo].[PoliceStations] ([StationId], [StationName], [StationAddress]) VALUES (703, N'ODISUDAN', NULL)
INSERT [dbo].[PoliceStations] ([StationId], [StationName], [StationAddress]) VALUES (704, N'Nuwaragala', NULL)
INSERT [dbo].[PoliceStations] ([StationId], [StationName], [StationAddress]) VALUES (705, N'SAMANALAWEWA  POLICE  STATOIN', NULL)
INSERT [dbo].[PoliceStations] ([StationId], [StationName], [StationAddress]) VALUES (706, N'pindeniya', NULL)
GO
print 'Processed 700 total records'
INSERT [dbo].[PoliceStations] ([StationId], [StationName], [StationAddress]) VALUES (707, N'LADUGANNAWA', NULL)
INSERT [dbo].[PoliceStations] ([StationId], [StationName], [StationAddress]) VALUES (708, N'HIMADUWA', NULL)
INSERT [dbo].[PoliceStations] ([StationId], [StationName], [StationAddress]) VALUES (709, N'KANAKARAYANAN KULAM', NULL)
INSERT [dbo].[PoliceStations] ([StationId], [StationName], [StationAddress]) VALUES (710, N'AKKMEEMANA', NULL)
INSERT [dbo].[PoliceStations] ([StationId], [StationName], [StationAddress]) VALUES (711, N'PALLEYWELA', NULL)
INSERT [dbo].[PoliceStations] ([StationId], [StationName], [StationAddress]) VALUES (712, N'SEWANAPITIYA', NULL)
INSERT [dbo].[PoliceStations] ([StationId], [StationName], [StationAddress]) VALUES (713, N'MURUNGAN', NULL)
INSERT [dbo].[PoliceStations] ([StationId], [StationName], [StationAddress]) VALUES (714, N'Ranna', NULL)
INSERT [dbo].[PoliceStations] ([StationId], [StationName], [StationAddress]) VALUES (715, N'PANDARIKKULAM', NULL)
INSERT [dbo].[PoliceStations] ([StationId], [StationName], [StationAddress]) VALUES (716, N'Madurankuli', NULL)
INSERT [dbo].[PoliceStations] ([StationId], [StationName], [StationAddress]) VALUES (717, N'Bemmulla', NULL)
INSERT [dbo].[PoliceStations] ([StationId], [StationName], [StationAddress]) VALUES (718, N'WELIMADA', NULL)
INSERT [dbo].[PoliceStations] ([StationId], [StationName], [StationAddress]) VALUES (719, N'Maligawila', NULL)
INSERT [dbo].[PoliceStations] ([StationId], [StationName], [StationAddress]) VALUES (720, N'KULI', NULL)
INSERT [dbo].[PoliceStations] ([StationId], [StationName], [StationAddress]) VALUES (721, N'KI', NULL)
INSERT [dbo].[PoliceStations] ([StationId], [StationName], [StationAddress]) VALUES (722, N'MABOLA', NULL)
INSERT [dbo].[PoliceStations] ([StationId], [StationName], [StationAddress]) VALUES (723, N'ANGURANKETHA', NULL)
INSERT [dbo].[PoliceStations] ([StationId], [StationName], [StationAddress]) VALUES (724, N'KURUMANKADU', NULL)
INSERT [dbo].[PoliceStations] ([StationId], [StationName], [StationAddress]) VALUES (725, N'MUNIYAPPAMKOVIL', NULL)
SET IDENTITY_INSERT [dbo].[PoliceStations] OFF
/****** Object:  Table [dbo].[Old_DR_Items]    Script Date: 01/16/2013 10:20:14 ******/
SET IDENTITY_INSERT [dbo].[Old_DR_Items] ON
INSERT [dbo].[Old_DR_Items] ([ItemId], [ItemName], [Info]) VALUES (1, N'Blower', NULL)
INSERT [dbo].[Old_DR_Items] ([ItemId], [ItemName], [Info]) VALUES (2, N'Heater', NULL)
INSERT [dbo].[Old_DR_Items] ([ItemId], [ItemName], [Info]) VALUES (3, N'Cooler', NULL)
INSERT [dbo].[Old_DR_Items] ([ItemId], [ItemName], [Info]) VALUES (4, N'Wiper Motor', NULL)
INSERT [dbo].[Old_DR_Items] ([ItemId], [ItemName], [Info]) VALUES (5, N'Wiper Arm Set', NULL)
INSERT [dbo].[Old_DR_Items] ([ItemId], [ItemName], [Info]) VALUES (6, N'Save Cylinder', NULL)
INSERT [dbo].[Old_DR_Items] ([ItemId], [ItemName], [Info]) VALUES (7, N'Brake Master Pump', NULL)
INSERT [dbo].[Old_DR_Items] ([ItemId], [ItemName], [Info]) VALUES (8, N'Clutch Pump ', NULL)
INSERT [dbo].[Old_DR_Items] ([ItemId], [ItemName], [Info]) VALUES (9, N'Dash Bord Inner Parts', NULL)
INSERT [dbo].[Old_DR_Items] ([ItemId], [ItemName], [Info]) VALUES (10, N'AC Condensior', NULL)
INSERT [dbo].[Old_DR_Items] ([ItemId], [ItemName], [Info]) VALUES (11, N'Radiator', NULL)
INSERT [dbo].[Old_DR_Items] ([ItemId], [ItemName], [Info]) VALUES (12, N'Radiator Fan', NULL)
INSERT [dbo].[Old_DR_Items] ([ItemId], [ItemName], [Info]) VALUES (13, N'Engine Mount', NULL)
INSERT [dbo].[Old_DR_Items] ([ItemId], [ItemName], [Info]) VALUES (14, N'Gear Box Mount', NULL)
INSERT [dbo].[Old_DR_Items] ([ItemId], [ItemName], [Info]) VALUES (15, N'Proler Shaft', NULL)
INSERT [dbo].[Old_DR_Items] ([ItemId], [ItemName], [Info]) VALUES (16, N'Front Axial Bar', NULL)
INSERT [dbo].[Old_DR_Items] ([ItemId], [ItemName], [Info]) VALUES (17, N'Chasis', NULL)
INSERT [dbo].[Old_DR_Items] ([ItemId], [ItemName], [Info]) VALUES (18, N'Steering Pump', NULL)
INSERT [dbo].[Old_DR_Items] ([ItemId], [ItemName], [Info]) VALUES (19, N'Steering Box', NULL)
INSERT [dbo].[Old_DR_Items] ([ItemId], [ItemName], [Info]) VALUES (20, N'Tie Rod Set', NULL)
INSERT [dbo].[Old_DR_Items] ([ItemId], [ItemName], [Info]) VALUES (21, N'CV Joint', NULL)
INSERT [dbo].[Old_DR_Items] ([ItemId], [ItemName], [Info]) VALUES (22, N'Center Link', NULL)
INSERT [dbo].[Old_DR_Items] ([ItemId], [ItemName], [Info]) VALUES (23, N'Drage Link', NULL)
INSERT [dbo].[Old_DR_Items] ([ItemId], [ItemName], [Info]) VALUES (24, N'ThreeWheeler Fork', NULL)
INSERT [dbo].[Old_DR_Items] ([ItemId], [ItemName], [Info]) VALUES (25, N'Shock Absorber', NULL)
INSERT [dbo].[Old_DR_Items] ([ItemId], [ItemName], [Info]) VALUES (26, N' Bearings', NULL)
INSERT [dbo].[Old_DR_Items] ([ItemId], [ItemName], [Info]) VALUES (27, N'Stub Axial', NULL)
INSERT [dbo].[Old_DR_Items] ([ItemId], [ItemName], [Info]) VALUES (28, N'Leaf Springs', NULL)
INSERT [dbo].[Old_DR_Items] ([ItemId], [ItemName], [Info]) VALUES (29, N'Motor Cycle Fork Tube', NULL)
INSERT [dbo].[Old_DR_Items] ([ItemId], [ItemName], [Info]) VALUES (30, N'T Rod', NULL)
INSERT [dbo].[Old_DR_Items] ([ItemId], [ItemName], [Info]) VALUES (31, N'H Bracket', NULL)
INSERT [dbo].[Old_DR_Items] ([ItemId], [ItemName], [Info]) VALUES (32, N'Chasis Frame', NULL)
INSERT [dbo].[Old_DR_Items] ([ItemId], [ItemName], [Info]) VALUES (33, N'Alloy Wheels', NULL)
INSERT [dbo].[Old_DR_Items] ([ItemId], [ItemName], [Info]) VALUES (34, N'Startor Motor', NULL)
INSERT [dbo].[Old_DR_Items] ([ItemId], [ItemName], [Info]) VALUES (35, N'Alternator', NULL)
INSERT [dbo].[Old_DR_Items] ([ItemId], [ItemName], [Info]) VALUES (36, N'Water Pump', NULL)
INSERT [dbo].[Old_DR_Items] ([ItemId], [ItemName], [Info]) VALUES (37, N'Lower Arm', NULL)
INSERT [dbo].[Old_DR_Items] ([ItemId], [ItemName], [Info]) VALUES (38, N'Upper Arm', NULL)
SET IDENTITY_INSERT [dbo].[Old_DR_Items] OFF
/****** Object:  Table [dbo].[aspnet_Users]    Script Date: 01/16/2013 10:20:14 ******/
INSERT [dbo].[aspnet_Users] ([ApplicationId], [UserId], [UserName], [LoweredUserName], [MobileAlias], [IsAnonymous], [LastActivityDate]) VALUES (N'42ee1a25-826c-45c2-93e9-f418070aab6e', N'afd0eb6a-fb49-4052-8d24-a0e2dec49bb1', N'7474', N'7474', NULL, 0, CAST(0x0000A12C006F1CEC AS DateTime))
INSERT [dbo].[aspnet_Users] ([ApplicationId], [UserId], [UserName], [LoweredUserName], [MobileAlias], [IsAnonymous], [LastActivityDate]) VALUES (N'42ee1a25-826c-45c2-93e9-f418070aab6e', N'01088f75-55cb-4c53-87d8-e544c17752ee', N'8989', N'8989', NULL, 0, CAST(0x0000A141006CD5B6 AS DateTime))
INSERT [dbo].[aspnet_Users] ([ApplicationId], [UserId], [UserName], [LoweredUserName], [MobileAlias], [IsAnonymous], [LastActivityDate]) VALUES (N'42ee1a25-826c-45c2-93e9-f418070aab6e', N'b783a7ee-eb17-4483-8f0a-aa9ae6a2e123', N'a1a1', N'a1a1', NULL, 0, CAST(0x0000A143009F9F48 AS DateTime))
INSERT [dbo].[aspnet_Users] ([ApplicationId], [UserId], [UserName], [LoweredUserName], [MobileAlias], [IsAnonymous], [LastActivityDate]) VALUES (N'42ee1a25-826c-45c2-93e9-f418070aab6e', N'f6b0c04f-eedc-4d9a-9a29-dded21236ace', N'aaa', N'aaa', NULL, 0, CAST(0x0000A148004EC97B AS DateTime))
INSERT [dbo].[aspnet_Users] ([ApplicationId], [UserId], [UserName], [LoweredUserName], [MobileAlias], [IsAnonymous], [LastActivityDate]) VALUES (N'42ee1a25-826c-45c2-93e9-f418070aab6e', N'e316b6fa-8a0f-4262-a290-eb4bcd5a7398', N'aaaaa', N'aaaaa', NULL, 0, CAST(0x0000A1250054A8A8 AS DateTime))
INSERT [dbo].[aspnet_Users] ([ApplicationId], [UserId], [UserName], [LoweredUserName], [MobileAlias], [IsAnonymous], [LastActivityDate]) VALUES (N'42ee1a25-826c-45c2-93e9-f418070aab6e', N'c1060b53-b85a-4d6b-897c-a963df353aed', N'aaaaa1', N'aaaaa1', NULL, 0, CAST(0x0000A12500583D10 AS DateTime))
INSERT [dbo].[aspnet_Users] ([ApplicationId], [UserId], [UserName], [LoweredUserName], [MobileAlias], [IsAnonymous], [LastActivityDate]) VALUES (N'42ee1a25-826c-45c2-93e9-f418070aab6e', N'f37f23b5-7cb2-47a9-93dc-0c6dba55afa9', N'aaaaa2', N'aaaaa2', NULL, 0, CAST(0x0000A1250058C17C AS DateTime))
INSERT [dbo].[aspnet_Users] ([ApplicationId], [UserId], [UserName], [LoweredUserName], [MobileAlias], [IsAnonymous], [LastActivityDate]) VALUES (N'42ee1a25-826c-45c2-93e9-f418070aab6e', N'75c692d7-5dca-4f1e-a9e3-5ef9d3503de5', N'aaaaa22', N'aaaaa22', NULL, 0, CAST(0x0000A12500820CF8 AS DateTime))
INSERT [dbo].[aspnet_Users] ([ApplicationId], [UserId], [UserName], [LoweredUserName], [MobileAlias], [IsAnonymous], [LastActivityDate]) VALUES (N'42ee1a25-826c-45c2-93e9-f418070aab6e', N'd981d156-abf4-4189-9fe6-82838a2cafbc', N'aaaaa223', N'aaaaa223', NULL, 0, CAST(0x0000A12700541500 AS DateTime))
INSERT [dbo].[aspnet_Users] ([ApplicationId], [UserId], [UserName], [LoweredUserName], [MobileAlias], [IsAnonymous], [LastActivityDate]) VALUES (N'42ee1a25-826c-45c2-93e9-f418070aab6e', N'1b5facf7-6843-48be-a275-16439dc94648', N'aaaaa3', N'aaaaa3', NULL, 0, CAST(0x0000A125007F6D7C AS DateTime))
INSERT [dbo].[aspnet_Users] ([ApplicationId], [UserId], [UserName], [LoweredUserName], [MobileAlias], [IsAnonymous], [LastActivityDate]) VALUES (N'42ee1a25-826c-45c2-93e9-f418070aab6e', N'7853c0da-9947-43be-9c75-ff675d1b900c', N'aaaaa31', N'aaaaa31', NULL, 0, CAST(0x0000A125008286D8 AS DateTime))
INSERT [dbo].[aspnet_Users] ([ApplicationId], [UserId], [UserName], [LoweredUserName], [MobileAlias], [IsAnonymous], [LastActivityDate]) VALUES (N'42ee1a25-826c-45c2-93e9-f418070aab6e', N'e3b12c96-1cf9-4ccf-a640-46ba44c8c27f', N'aaaaa32', N'aaaaa32', NULL, 0, CAST(0x0000A12500830C70 AS DateTime))
INSERT [dbo].[aspnet_Users] ([ApplicationId], [UserId], [UserName], [LoweredUserName], [MobileAlias], [IsAnonymous], [LastActivityDate]) VALUES (N'42ee1a25-826c-45c2-93e9-f418070aab6e', N'a54ea6a5-ae84-4019-be6f-9bb93c3becce', N'aaaaa5', N'aaaaa5', NULL, 0, CAST(0x0000A12500813FE4 AS DateTime))
INSERT [dbo].[aspnet_Users] ([ApplicationId], [UserId], [UserName], [LoweredUserName], [MobileAlias], [IsAnonymous], [LastActivityDate]) VALUES (N'42ee1a25-826c-45c2-93e9-f418070aab6e', N'dfa32fca-1168-4474-888f-b68b6a81d30e', N'aaaaaaa', N'aaaaaaa', NULL, 0, CAST(0x0000A12600C0A1AC AS DateTime))
INSERT [dbo].[aspnet_Users] ([ApplicationId], [UserId], [UserName], [LoweredUserName], [MobileAlias], [IsAnonymous], [LastActivityDate]) VALUES (N'42ee1a25-826c-45c2-93e9-f418070aab6e', N'90bb99e6-86b9-4c05-9559-189ff69347c2', N'adADAd', N'adadad', NULL, 0, CAST(0x0000A13C0093A224 AS DateTime))
INSERT [dbo].[aspnet_Users] ([ApplicationId], [UserId], [UserName], [LoweredUserName], [MobileAlias], [IsAnonymous], [LastActivityDate]) VALUES (N'42ee1a25-826c-45c2-93e9-f418070aab6e', N'271a40c7-a62d-4865-a574-7592738185ae', N'ArunaH', N'arunah', NULL, 0, CAST(0x0000A11F008670FE AS DateTime))
INSERT [dbo].[aspnet_Users] ([ApplicationId], [UserId], [UserName], [LoweredUserName], [MobileAlias], [IsAnonymous], [LastActivityDate]) VALUES (N'42ee1a25-826c-45c2-93e9-f418070aab6e', N'f4b31666-9023-4210-ad9c-ecaaf37a7e46', N'budhdhikaG', N'budhdhikag', NULL, 0, CAST(0x0000A13900A4DABC AS DateTime))
INSERT [dbo].[aspnet_Users] ([ApplicationId], [UserId], [UserName], [LoweredUserName], [MobileAlias], [IsAnonymous], [LastActivityDate]) VALUES (N'42ee1a25-826c-45c2-93e9-f418070aab6e', N'd6cf3e61-a2d3-4660-a539-0f59778276d6', N'budhdhikaG1', N'budhdhikag1', NULL, 0, CAST(0x0000A13900AE0858 AS DateTime))
INSERT [dbo].[aspnet_Users] ([ApplicationId], [UserId], [UserName], [LoweredUserName], [MobileAlias], [IsAnonymous], [LastActivityDate]) VALUES (N'42ee1a25-826c-45c2-93e9-f418070aab6e', N'c2cd2094-0642-4ba2-a420-e746df83c57b', N'budhdhikaG12', N'budhdhikag12', NULL, 0, CAST(0x0000A13900AE4D7C AS DateTime))
INSERT [dbo].[aspnet_Users] ([ApplicationId], [UserId], [UserName], [LoweredUserName], [MobileAlias], [IsAnonymous], [LastActivityDate]) VALUES (N'42ee1a25-826c-45c2-93e9-f418070aab6e', N'993c9122-b19c-469b-86b0-36477e9552c6', N'budhdhikaG123', N'budhdhikag123', NULL, 0, CAST(0x0000A13900AECC0C AS DateTime))
INSERT [dbo].[aspnet_Users] ([ApplicationId], [UserId], [UserName], [LoweredUserName], [MobileAlias], [IsAnonymous], [LastActivityDate]) VALUES (N'42ee1a25-826c-45c2-93e9-f418070aab6e', N'1e732043-9018-4338-993c-d69e0f48bf90', N'chandimalw', N'chandimalw', NULL, 0, CAST(0x0000A11F009AF493 AS DateTime))
INSERT [dbo].[aspnet_Users] ([ApplicationId], [UserId], [UserName], [LoweredUserName], [MobileAlias], [IsAnonymous], [LastActivityDate]) VALUES (N'42ee1a25-826c-45c2-93e9-f418070aab6e', N'af39627d-10a5-4b1b-9058-ad8ddff17eae', N'Dilini', N'dilini', NULL, 0, CAST(0x0000A138009A8558 AS DateTime))
INSERT [dbo].[aspnet_Users] ([ApplicationId], [UserId], [UserName], [LoweredUserName], [MobileAlias], [IsAnonymous], [LastActivityDate]) VALUES (N'42ee1a25-826c-45c2-93e9-f418070aab6e', N'6ac33a36-374f-4b9f-9466-1719a226ccdd', N'engineer1', N'engineer1', NULL, 0, CAST(0x0000A13C00E24DFC AS DateTime))
INSERT [dbo].[aspnet_Users] ([ApplicationId], [UserId], [UserName], [LoweredUserName], [MobileAlias], [IsAnonymous], [LastActivityDate]) VALUES (N'42ee1a25-826c-45c2-93e9-f418070aab6e', N'2ffba48c-d122-40a5-9291-025f83bbc6e9', N'fgdfgdfgd', N'fgdfgdfgd', NULL, 0, CAST(0x0000A12700553C50 AS DateTime))
INSERT [dbo].[aspnet_Users] ([ApplicationId], [UserId], [UserName], [LoweredUserName], [MobileAlias], [IsAnonymous], [LastActivityDate]) VALUES (N'42ee1a25-826c-45c2-93e9-f418070aab6e', N'da5f6c70-4675-4c5d-b3f5-6e320a533a30', N'ghjghjg', N'ghjghjg', NULL, 0, CAST(0x0000A1270054A8A8 AS DateTime))
INSERT [dbo].[aspnet_Users] ([ApplicationId], [UserId], [UserName], [LoweredUserName], [MobileAlias], [IsAnonymous], [LastActivityDate]) VALUES (N'42ee1a25-826c-45c2-93e9-f418070aab6e', N'a2282253-ce55-496b-b4b4-c2eb0e07ca63', N'harshap', N'harshap', NULL, 0, CAST(0x0000A12000949EFC AS DateTime))
INSERT [dbo].[aspnet_Users] ([ApplicationId], [UserId], [UserName], [LoweredUserName], [MobileAlias], [IsAnonymous], [LastActivityDate]) VALUES (N'42ee1a25-826c-45c2-93e9-f418070aab6e', N'9120d969-cc97-49c3-bfee-d7a7ed0f4d02', N'hhhhhh', N'hhhhhh', NULL, 0, CAST(0x0000A1270053A480 AS DateTime))
INSERT [dbo].[aspnet_Users] ([ApplicationId], [UserId], [UserName], [LoweredUserName], [MobileAlias], [IsAnonymous], [LastActivityDate]) VALUES (N'42ee1a25-826c-45c2-93e9-f418070aab6e', N'58d3dada-c5c1-497b-8d6d-283cd8e0c689', N'KumuduW', N'kumuduw', NULL, 0, CAST(0x0000A11F005F3407 AS DateTime))
INSERT [dbo].[aspnet_Users] ([ApplicationId], [UserId], [UserName], [LoweredUserName], [MobileAlias], [IsAnonymous], [LastActivityDate]) VALUES (N'42ee1a25-826c-45c2-93e9-f418070aab6e', N'53e77498-e32d-49d7-b503-3c28d2ee5489', N'lulu', N'lulu', NULL, 0, CAST(0x0000A13C00C9C714 AS DateTime))
INSERT [dbo].[aspnet_Users] ([ApplicationId], [UserId], [UserName], [LoweredUserName], [MobileAlias], [IsAnonymous], [LastActivityDate]) VALUES (N'42ee1a25-826c-45c2-93e9-f418070aab6e', N'054c6976-964e-4233-b8c2-b673c1a73efa', N'lulu3', N'lulu3', NULL, 0, CAST(0x0000A13C00CA3668 AS DateTime))
INSERT [dbo].[aspnet_Users] ([ApplicationId], [UserId], [UserName], [LoweredUserName], [MobileAlias], [IsAnonymous], [LastActivityDate]) VALUES (N'42ee1a25-826c-45c2-93e9-f418070aab6e', N'3366c361-9057-4a2a-a5a0-b5702295005e', N'lulu45', N'lulu45', NULL, 0, CAST(0x0000A13C00CA5288 AS DateTime))
INSERT [dbo].[aspnet_Users] ([ApplicationId], [UserId], [UserName], [LoweredUserName], [MobileAlias], [IsAnonymous], [LastActivityDate]) VALUES (N'42ee1a25-826c-45c2-93e9-f418070aab6e', N'eef29677-36dd-401e-a46b-b99f309ede14', N'lulu789', N'lulu789', NULL, 0, CAST(0x0000A13C00CBBDD0 AS DateTime))
INSERT [dbo].[aspnet_Users] ([ApplicationId], [UserId], [UserName], [LoweredUserName], [MobileAlias], [IsAnonymous], [LastActivityDate]) VALUES (N'42ee1a25-826c-45c2-93e9-f418070aab6e', N'3a1b826d-077a-47d5-8642-9cd3e0f33bca', N'ololo', N'ololo', NULL, 0, CAST(0x0000A12C00803130 AS DateTime))
INSERT [dbo].[aspnet_Users] ([ApplicationId], [UserId], [UserName], [LoweredUserName], [MobileAlias], [IsAnonymous], [LastActivityDate]) VALUES (N'42ee1a25-826c-45c2-93e9-f418070aab6e', N'790a40e3-436d-4896-b577-8a98ef62630e', N'qqqqqqq', N'qqqqqqq', NULL, 0, CAST(0x0000A12500A52F1C AS DateTime))
INSERT [dbo].[aspnet_Users] ([ApplicationId], [UserId], [UserName], [LoweredUserName], [MobileAlias], [IsAnonymous], [LastActivityDate]) VALUES (N'42ee1a25-826c-45c2-93e9-f418070aab6e', N'1f520935-8aec-4411-aa1e-db7e5ffb1b6b', N'ruwanp', N'ruwanp', NULL, 0, CAST(0x0000A11F009AFFF6 AS DateTime))
INSERT [dbo].[aspnet_Users] ([ApplicationId], [UserId], [UserName], [LoweredUserName], [MobileAlias], [IsAnonymous], [LastActivityDate]) VALUES (N'42ee1a25-826c-45c2-93e9-f418070aab6e', N'68177fb5-a38e-4774-bc4b-3e7461f7d5d9', N'Sanda', N'sanda', NULL, 0, CAST(0x0000A135007B4ACA AS DateTime))
INSERT [dbo].[aspnet_Users] ([ApplicationId], [UserId], [UserName], [LoweredUserName], [MobileAlias], [IsAnonymous], [LastActivityDate]) VALUES (N'42ee1a25-826c-45c2-93e9-f418070aab6e', N'e3dca217-bb67-45a2-a6bc-183b09639365', N'Sanda1', N'sanda1', NULL, 0, CAST(0x0000A12500B52570 AS DateTime))
INSERT [dbo].[aspnet_Users] ([ApplicationId], [UserId], [UserName], [LoweredUserName], [MobileAlias], [IsAnonymous], [LastActivityDate]) VALUES (N'42ee1a25-826c-45c2-93e9-f418070aab6e', N'8f0a6806-20b3-4e8c-91ac-490f1fe6c621', N'Sanda2', N'sanda2', NULL, 0, CAST(0x0000A12500B5EB7C AS DateTime))
INSERT [dbo].[aspnet_Users] ([ApplicationId], [UserId], [UserName], [LoweredUserName], [MobileAlias], [IsAnonymous], [LastActivityDate]) VALUES (N'42ee1a25-826c-45c2-93e9-f418070aab6e', N'd1193812-6fbe-4ea9-a470-33eedb4c8a4e', N'SlicAdmin', N'slicadmin', NULL, 0, CAST(0x0000A11F005B6890 AS DateTime))
INSERT [dbo].[aspnet_Users] ([ApplicationId], [UserId], [UserName], [LoweredUserName], [MobileAlias], [IsAnonymous], [LastActivityDate]) VALUES (N'42ee1a25-826c-45c2-93e9-f418070aab6e', N'e1a30b26-066b-413a-b15d-92f262a2d7ac', N'surenm', N'surenm', NULL, 0, CAST(0x0000A11F009B0FC9 AS DateTime))
INSERT [dbo].[aspnet_Users] ([ApplicationId], [UserId], [UserName], [LoweredUserName], [MobileAlias], [IsAnonymous], [LastActivityDate]) VALUES (N'42ee1a25-826c-45c2-93e9-f418070aab6e', N'73470cf7-da57-47cb-b8f1-90c094b010e6', N'surensaluka', N'surensaluka', NULL, 0, CAST(0x0000A12C006D61F4 AS DateTime))
INSERT [dbo].[aspnet_Users] ([ApplicationId], [UserId], [UserName], [LoweredUserName], [MobileAlias], [IsAnonymous], [LastActivityDate]) VALUES (N'42ee1a25-826c-45c2-93e9-f418070aab6e', N'099d0e13-bea9-4b3b-bf97-8eb28dc924a1', N'test', N'test', NULL, 0, CAST(0x0000A131004E2190 AS DateTime))
INSERT [dbo].[aspnet_Users] ([ApplicationId], [UserId], [UserName], [LoweredUserName], [MobileAlias], [IsAnonymous], [LastActivityDate]) VALUES (N'42ee1a25-826c-45c2-93e9-f418070aab6e', N'3c9dbd0b-5f6e-4a44-bb1b-b393eb0b60eb', N'test4567', N'test4567', NULL, 0, CAST(0x0000A13C00CF7308 AS DateTime))
INSERT [dbo].[aspnet_Users] ([ApplicationId], [UserId], [UserName], [LoweredUserName], [MobileAlias], [IsAnonymous], [LastActivityDate]) VALUES (N'42ee1a25-826c-45c2-93e9-f418070aab6e', N'e101b6aa-2c4e-4b82-99c5-a56f8871e6c9', N'testUser123', N'testuser123', NULL, 0, CAST(0x0000A133005DD770 AS DateTime))
INSERT [dbo].[aspnet_Users] ([ApplicationId], [UserId], [UserName], [LoweredUserName], [MobileAlias], [IsAnonymous], [LastActivityDate]) VALUES (N'42ee1a25-826c-45c2-93e9-f418070aab6e', N'8221a63b-7153-4084-8788-6d777915d996', N'ttttttt', N'ttttttt', NULL, 0, CAST(0x0000A12C006DCB6C AS DateTime))
/****** Object:  Table [dbo].[AccessLogParams]    Script Date: 01/16/2013 10:20:14 ******/
/****** Object:  Table [dbo].[aspnet_Paths]    Script Date: 01/16/2013 10:20:14 ******/
/****** Object:  Table [dbo].[aspnet_Roles]    Script Date: 01/16/2013 10:20:14 ******/
INSERT [dbo].[aspnet_Roles] ([ApplicationId], [RoleId], [RoleName], [LoweredRoleName], [Description]) VALUES (N'42ee1a25-826c-45c2-93e9-f418070aab6e', N'2a4a2b24-665e-40e4-88e3-94aef900f4de', N'Audit', N'audit', N'LogOn_HTML,LogOff_HTML,ChangePassword_HTML,Index_HTML,MyProfile_HTML,Search_HTML,AdvancedSearch_HTML')
INSERT [dbo].[aspnet_Roles] ([ApplicationId], [RoleId], [RoleName], [LoweredRoleName], [Description]) VALUES (N'42ee1a25-826c-45c2-93e9-f418070aab6e', N'77d38667-5b15-47c1-836c-ebb798dbafde', N'Claim Processing Officer', N'claim processing officer', N'LogOn_HTML,LogOff_HTML,ChangePassword_HTML,Index_HTML,MyProfile_HTML,Search_HTML,AdvancedSearch_HTML')
INSERT [dbo].[aspnet_Roles] ([ApplicationId], [RoleId], [RoleName], [LoweredRoleName], [Description]) VALUES (N'42ee1a25-826c-45c2-93e9-f418070aab6e', N'7aed55b5-2eac-4fd3-bbb2-bdc6d3d0daa0', N'Engineer', N'engineer', N'LogOn_HTML,LogOff_HTML,ChangePassword_HTML,Index_HTML,MyProfile_HTML,Search_HTML,AdvancedSearch_HTML')
INSERT [dbo].[aspnet_Roles] ([ApplicationId], [RoleId], [RoleName], [LoweredRoleName], [Description]) VALUES (N'42ee1a25-826c-45c2-93e9-f418070aab6e', N'771511e4-56ac-4b3a-aa29-40636510b13a', N'Management', N'management', N'LogOn_HTML,LogOff_HTML,ChangePassword_HTML,Index_HTML,MyProfile_HTML,Search_HTML,AdvancedSearch_HTML')
INSERT [dbo].[aspnet_Roles] ([ApplicationId], [RoleId], [RoleName], [LoweredRoleName], [Description]) VALUES (N'42ee1a25-826c-45c2-93e9-f418070aab6e', N'd64d0f39-966c-406f-b544-363d70412ce0', N'System Administrator', N'system administrator', N'LogOn_HTML,LogOff_HTML,ChangePassword_HTML,Index_HTML,MyProfile_HTML,Search_HTML,AdvancedSearch_HTML,UserManagement_HTML,TemplateView_HTML,ViewUsers_HTML,ViewReports_HTML,AccessLogs_HTML,ReportInquery_HTML,Maintenance_HTML,RegionList_HTML,BranchesList_HTML,IsUsernameAvailable_HTML,IsUsernameAvailable_JSON')
INSERT [dbo].[aspnet_Roles] ([ApplicationId], [RoleId], [RoleName], [LoweredRoleName], [Description]) VALUES (N'42ee1a25-826c-45c2-93e9-f418070aab6e', N'3147d396-c9d9-4a25-9f61-aa48072961f2', N'Technical Officer', N'technical officer', N'LogOn_HTML,LogOff_HTML,ChangePassword_HTML,Index_HTML,MyProfile_HTML,Search_HTML,AdvancedSearch_HTML')
INSERT [dbo].[aspnet_Roles] ([ApplicationId], [RoleId], [RoleName], [LoweredRoleName], [Description]) VALUES (N'42ee1a25-826c-45c2-93e9-f418070aab6e', N'5cb24ac1-013f-4d39-98f3-0ecf810f58d4', N'Temp Printing', N'temp printing', N'LogOn_HTML,LogOff_HTML,ChangePassword_HTML,Index_HTML,MyProfile_HTML,Search_HTML,AdvancedSearch_HTML')
/****** Object:  Table [dbo].[aspnet_PersonalizationPerUser]    Script Date: 01/16/2013 10:20:14 ******/
/****** Object:  Table [dbo].[aspnet_Profile]    Script Date: 01/16/2013 10:20:14 ******/
/****** Object:  Table [dbo].[aspnet_Membership]    Script Date: 01/16/2013 10:20:14 ******/
INSERT [dbo].[aspnet_Membership] ([ApplicationId], [UserId], [Password], [PasswordFormat], [PasswordSalt], [MobilePIN], [Email], [LoweredEmail], [PasswordQuestion], [PasswordAnswer], [IsApproved], [IsLockedOut], [CreateDate], [LastLoginDate], [LastPasswordChangedDate], [LastLockoutDate], [FailedPasswordAttemptCount], [FailedPasswordAttemptWindowStart], [FailedPasswordAnswerAttemptCount], [FailedPasswordAnswerAttemptWindowStart], [Comment]) VALUES (N'42ee1a25-826c-45c2-93e9-f418070aab6e', N'afd0eb6a-fb49-4052-8d24-a0e2dec49bb1', N'n5mfEB2Bn73+qr5CtaDMF2m3oSo=', 1, N'ra1DfYLhriZ+Ub/x1ItqLQ==', NULL, N'74@74.com', N'74@74.com', N'company name', N'9NYCDUQdHtxkxhCnS1QNWu5O1Ik=', 1, 0, CAST(0x0000A12C006F1CEC AS DateTime), CAST(0x0000A12C006F1CEC AS DateTime), CAST(0x0000A12C006F1CEC AS DateTime), CAST(0xFFFF2FB300000000 AS DateTime), 0, CAST(0xFFFF2FB300000000 AS DateTime), 0, CAST(0xFFFF2FB300000000 AS DateTime), NULL)
INSERT [dbo].[aspnet_Membership] ([ApplicationId], [UserId], [Password], [PasswordFormat], [PasswordSalt], [MobilePIN], [Email], [LoweredEmail], [PasswordQuestion], [PasswordAnswer], [IsApproved], [IsLockedOut], [CreateDate], [LastLoginDate], [LastPasswordChangedDate], [LastLockoutDate], [FailedPasswordAttemptCount], [FailedPasswordAttemptWindowStart], [FailedPasswordAnswerAttemptCount], [FailedPasswordAnswerAttemptWindowStart], [Comment]) VALUES (N'42ee1a25-826c-45c2-93e9-f418070aab6e', N'099d0e13-bea9-4b3b-bf97-8eb28dc924a1', N'20FxzOzoR6DtbqS/ufwpWAeFh1g=', 1, N'mloIcgM0SyVUpq1QlKX2VQ==', NULL, N'aaa@sg.com', N'aaa@sg.com', N'company name', N'aVpuFhmg6A9FqFgHmTUPUIPDcz4=', 1, 0, CAST(0x0000A131004E2190 AS DateTime), CAST(0x0000A131004E2190 AS DateTime), CAST(0x0000A131004E2190 AS DateTime), CAST(0xFFFF2FB300000000 AS DateTime), 0, CAST(0xFFFF2FB300000000 AS DateTime), 0, CAST(0xFFFF2FB300000000 AS DateTime), NULL)
INSERT [dbo].[aspnet_Membership] ([ApplicationId], [UserId], [Password], [PasswordFormat], [PasswordSalt], [MobilePIN], [Email], [LoweredEmail], [PasswordQuestion], [PasswordAnswer], [IsApproved], [IsLockedOut], [CreateDate], [LastLoginDate], [LastPasswordChangedDate], [LastLockoutDate], [FailedPasswordAttemptCount], [FailedPasswordAttemptWindowStart], [FailedPasswordAnswerAttemptCount], [FailedPasswordAnswerAttemptWindowStart], [Comment]) VALUES (N'42ee1a25-826c-45c2-93e9-f418070aab6e', N'e101b6aa-2c4e-4b82-99c5-a56f8871e6c9', N'KsZF3kkR/Mn5eF3eGrEPXr0DIPE=', 1, N'NQxWwDFQKw+Da5D0eTLXkg==', NULL, N'aaa@yahoo.com', N'aaa@yahoo.com', N'company name', N'NEYrhRlhhFEJN6WZ24oURmNXogg=', 1, 0, CAST(0x0000A133005DD770 AS DateTime), CAST(0x0000A133005DD770 AS DateTime), CAST(0x0000A133005DD770 AS DateTime), CAST(0xFFFF2FB300000000 AS DateTime), 0, CAST(0xFFFF2FB300000000 AS DateTime), 0, CAST(0xFFFF2FB300000000 AS DateTime), NULL)
INSERT [dbo].[aspnet_Membership] ([ApplicationId], [UserId], [Password], [PasswordFormat], [PasswordSalt], [MobilePIN], [Email], [LoweredEmail], [PasswordQuestion], [PasswordAnswer], [IsApproved], [IsLockedOut], [CreateDate], [LastLoginDate], [LastPasswordChangedDate], [LastLockoutDate], [FailedPasswordAttemptCount], [FailedPasswordAttemptWindowStart], [FailedPasswordAnswerAttemptCount], [FailedPasswordAnswerAttemptWindowStart], [Comment]) VALUES (N'42ee1a25-826c-45c2-93e9-f418070aab6e', N'90bb99e6-86b9-4c05-9559-189ff69347c2', N'fnmeinGPjsMYSqzMQfhbAJHIG0E=', 1, N'QJQyFvhaAybeCt35RKPu/A==', NULL, N'ADAd@SDGRGH.DFG', N'adad@sdgrgh.dfg', N'company name', N'wp/8euoK1PAtju/kzFaLkeeR9D0=', 1, 0, CAST(0x0000A13C0093A224 AS DateTime), CAST(0x0000A13C0093A224 AS DateTime), CAST(0x0000A13C0093A224 AS DateTime), CAST(0xFFFF2FB300000000 AS DateTime), 0, CAST(0xFFFF2FB300000000 AS DateTime), 0, CAST(0xFFFF2FB300000000 AS DateTime), NULL)
INSERT [dbo].[aspnet_Membership] ([ApplicationId], [UserId], [Password], [PasswordFormat], [PasswordSalt], [MobilePIN], [Email], [LoweredEmail], [PasswordQuestion], [PasswordAnswer], [IsApproved], [IsLockedOut], [CreateDate], [LastLoginDate], [LastPasswordChangedDate], [LastLockoutDate], [FailedPasswordAttemptCount], [FailedPasswordAttemptWindowStart], [FailedPasswordAnswerAttemptCount], [FailedPasswordAnswerAttemptWindowStart], [Comment]) VALUES (N'42ee1a25-826c-45c2-93e9-f418070aab6e', N'271a40c7-a62d-4865-a574-7592738185ae', N'3JuoavhpLk6awi2AQ9Nx4l+nPHA=', 1, N'zl6fjem2co5MSXm9WrBIXw==', NULL, N'arunah@irononetech.com', N'arunah@irononetech.com', NULL, NULL, 1, 0, CAST(0x0000A11F005E2270 AS DateTime), CAST(0x0000A11F008670FE AS DateTime), CAST(0x0000A12C007C0E52 AS DateTime), CAST(0x0000A11F0086BC31 AS DateTime), 0, CAST(0x0000A11F0086BC31 AS DateTime), 0, CAST(0xFFFF2FB300000000 AS DateTime), NULL)
INSERT [dbo].[aspnet_Membership] ([ApplicationId], [UserId], [Password], [PasswordFormat], [PasswordSalt], [MobilePIN], [Email], [LoweredEmail], [PasswordQuestion], [PasswordAnswer], [IsApproved], [IsLockedOut], [CreateDate], [LastLoginDate], [LastPasswordChangedDate], [LastLockoutDate], [FailedPasswordAttemptCount], [FailedPasswordAttemptWindowStart], [FailedPasswordAnswerAttemptCount], [FailedPasswordAnswerAttemptWindowStart], [Comment]) VALUES (N'42ee1a25-826c-45c2-93e9-f418070aab6e', N'6ac33a36-374f-4b9f-9466-1719a226ccdd', N'tXrSgpGpcMsaEwGLldiXP6/SV6Q=', 1, N'kYr45g/uOQk3k1f/MEyaPg==', NULL, N'asd@sfg.sdgfsd', N'asd@sfg.sdgfsd', N'company name', N'kDM/e0HxJufT5s0VtPu/YdvWr9U=', 1, 0, CAST(0x0000A13C00E24DFC AS DateTime), CAST(0x0000A13C00E24DFC AS DateTime), CAST(0x0000A13C00E24DFC AS DateTime), CAST(0xFFFF2FB300000000 AS DateTime), 0, CAST(0xFFFF2FB300000000 AS DateTime), 0, CAST(0xFFFF2FB300000000 AS DateTime), NULL)
INSERT [dbo].[aspnet_Membership] ([ApplicationId], [UserId], [Password], [PasswordFormat], [PasswordSalt], [MobilePIN], [Email], [LoweredEmail], [PasswordQuestion], [PasswordAnswer], [IsApproved], [IsLockedOut], [CreateDate], [LastLoginDate], [LastPasswordChangedDate], [LastLockoutDate], [FailedPasswordAttemptCount], [FailedPasswordAttemptWindowStart], [FailedPasswordAnswerAttemptCount], [FailedPasswordAnswerAttemptWindowStart], [Comment]) VALUES (N'42ee1a25-826c-45c2-93e9-f418070aab6e', N'f4b31666-9023-4210-ad9c-ecaaf37a7e46', N'KYfO8IPxf3faESDwgR3sNqwnctU=', 1, N'BRTjF1ugVbbkzMoKrujxNg==', NULL, N'budhdhika@rtju.rg', N'budhdhika@rtju.rg', N'company name', N'2EDUYiy/gXB+X0I7VKI48RkJc9Y=', 1, 0, CAST(0x0000A13900A4DABC AS DateTime), CAST(0x0000A13900A4DABC AS DateTime), CAST(0x0000A13900A4DABC AS DateTime), CAST(0xFFFF2FB300000000 AS DateTime), 0, CAST(0xFFFF2FB300000000 AS DateTime), 0, CAST(0xFFFF2FB300000000 AS DateTime), NULL)
INSERT [dbo].[aspnet_Membership] ([ApplicationId], [UserId], [Password], [PasswordFormat], [PasswordSalt], [MobilePIN], [Email], [LoweredEmail], [PasswordQuestion], [PasswordAnswer], [IsApproved], [IsLockedOut], [CreateDate], [LastLoginDate], [LastPasswordChangedDate], [LastLockoutDate], [FailedPasswordAttemptCount], [FailedPasswordAttemptWindowStart], [FailedPasswordAnswerAttemptCount], [FailedPasswordAnswerAttemptWindowStart], [Comment]) VALUES (N'42ee1a25-826c-45c2-93e9-f418070aab6e', N'd6cf3e61-a2d3-4660-a539-0f59778276d6', N'DVvw817aqaPL9Ccv8EnZz3UItTI=', 1, N'q+kDcWWgEYBf31QAswOJeg==', NULL, N'budhdhika@rtju.rg', N'budhdhika@rtju.rg', N'company name', N'Ub8A0L+tANyqpYSUXI22ZNkw10s=', 1, 0, CAST(0x0000A13900AE0858 AS DateTime), CAST(0x0000A13900AE0858 AS DateTime), CAST(0x0000A13900AE0858 AS DateTime), CAST(0xFFFF2FB300000000 AS DateTime), 0, CAST(0xFFFF2FB300000000 AS DateTime), 0, CAST(0xFFFF2FB300000000 AS DateTime), NULL)
INSERT [dbo].[aspnet_Membership] ([ApplicationId], [UserId], [Password], [PasswordFormat], [PasswordSalt], [MobilePIN], [Email], [LoweredEmail], [PasswordQuestion], [PasswordAnswer], [IsApproved], [IsLockedOut], [CreateDate], [LastLoginDate], [LastPasswordChangedDate], [LastLockoutDate], [FailedPasswordAttemptCount], [FailedPasswordAttemptWindowStart], [FailedPasswordAnswerAttemptCount], [FailedPasswordAnswerAttemptWindowStart], [Comment]) VALUES (N'42ee1a25-826c-45c2-93e9-f418070aab6e', N'c2cd2094-0642-4ba2-a420-e746df83c57b', N'TaWDq0wf8BoB0vJhmR8ShfIEGeE=', 1, N'IJZLVVEyjYNwQ3LigMW3RQ==', NULL, N'budhdhika@rtju.rg', N'budhdhika@rtju.rg', N'company name', N'DUBQTmpIyexZLul5z4Iv/77DK7U=', 1, 0, CAST(0x0000A13900AE4D7C AS DateTime), CAST(0x0000A13900AE4D7C AS DateTime), CAST(0x0000A13900AE4D7C AS DateTime), CAST(0xFFFF2FB300000000 AS DateTime), 0, CAST(0xFFFF2FB300000000 AS DateTime), 0, CAST(0xFFFF2FB300000000 AS DateTime), NULL)
INSERT [dbo].[aspnet_Membership] ([ApplicationId], [UserId], [Password], [PasswordFormat], [PasswordSalt], [MobilePIN], [Email], [LoweredEmail], [PasswordQuestion], [PasswordAnswer], [IsApproved], [IsLockedOut], [CreateDate], [LastLoginDate], [LastPasswordChangedDate], [LastLockoutDate], [FailedPasswordAttemptCount], [FailedPasswordAttemptWindowStart], [FailedPasswordAnswerAttemptCount], [FailedPasswordAnswerAttemptWindowStart], [Comment]) VALUES (N'42ee1a25-826c-45c2-93e9-f418070aab6e', N'993c9122-b19c-469b-86b0-36477e9552c6', N'wWNizw1IeGka474XLBxJ+jQxUjY=', 1, N'OWa6FTdd1uTb2JEX1rJ4aA==', NULL, N'budhdhika@rtju.rgf', N'budhdhika@rtju.rgf', N'company name', N'oRY0LBZS7C95vIlK/+S3X9LYozA=', 1, 0, CAST(0x0000A13900AECC0C AS DateTime), CAST(0x0000A13900AECC0C AS DateTime), CAST(0x0000A13900AECC0C AS DateTime), CAST(0xFFFF2FB300000000 AS DateTime), 0, CAST(0xFFFF2FB300000000 AS DateTime), 0, CAST(0xFFFF2FB300000000 AS DateTime), NULL)
INSERT [dbo].[aspnet_Membership] ([ApplicationId], [UserId], [Password], [PasswordFormat], [PasswordSalt], [MobilePIN], [Email], [LoweredEmail], [PasswordQuestion], [PasswordAnswer], [IsApproved], [IsLockedOut], [CreateDate], [LastLoginDate], [LastPasswordChangedDate], [LastLockoutDate], [FailedPasswordAttemptCount], [FailedPasswordAttemptWindowStart], [FailedPasswordAnswerAttemptCount], [FailedPasswordAnswerAttemptWindowStart], [Comment]) VALUES (N'42ee1a25-826c-45c2-93e9-f418070aab6e', N'1e732043-9018-4338-993c-d69e0f48bf90', N'zgwcPiVjADSJdhLzmSUzxn689tI=', 1, N'lhceTHDIm+9b4Z1WKJRAAQ==', NULL, N'chandimalw@irononetech.com', N'chandimalw@irononetech.com', NULL, NULL, 1, 0, CAST(0x0000A11F005CB14C AS DateTime), CAST(0x0000A11F009AF493 AS DateTime), CAST(0x0000A11F005CB14C AS DateTime), CAST(0xFFFF2FB300000000 AS DateTime), 0, CAST(0xFFFF2FB300000000 AS DateTime), 0, CAST(0xFFFF2FB300000000 AS DateTime), NULL)
INSERT [dbo].[aspnet_Membership] ([ApplicationId], [UserId], [Password], [PasswordFormat], [PasswordSalt], [MobilePIN], [Email], [LoweredEmail], [PasswordQuestion], [PasswordAnswer], [IsApproved], [IsLockedOut], [CreateDate], [LastLoginDate], [LastPasswordChangedDate], [LastLockoutDate], [FailedPasswordAttemptCount], [FailedPasswordAttemptWindowStart], [FailedPasswordAnswerAttemptCount], [FailedPasswordAnswerAttemptWindowStart], [Comment]) VALUES (N'42ee1a25-826c-45c2-93e9-f418070aab6e', N'af39627d-10a5-4b1b-9058-ad8ddff17eae', N'mBTaWo1HAdf40wYAy0uZEkaZLy0=', 1, N'Sjshp7hEjRxaPB0AwQfczw==', NULL, N'dilinig@irononetech.com', N'dilinig@irononetech.com', N'company name', N'oZtuvDs9+4pOQf7vNu5xMvOaqmQ=', 1, 0, CAST(0x0000A13800995AFC AS DateTime), CAST(0x0000A138009A8558 AS DateTime), CAST(0x0000A13800995AFC AS DateTime), CAST(0xFFFF2FB300000000 AS DateTime), 0, CAST(0xFFFF2FB300000000 AS DateTime), 0, CAST(0xFFFF2FB300000000 AS DateTime), NULL)
INSERT [dbo].[aspnet_Membership] ([ApplicationId], [UserId], [Password], [PasswordFormat], [PasswordSalt], [MobilePIN], [Email], [LoweredEmail], [PasswordQuestion], [PasswordAnswer], [IsApproved], [IsLockedOut], [CreateDate], [LastLoginDate], [LastPasswordChangedDate], [LastLockoutDate], [FailedPasswordAttemptCount], [FailedPasswordAttemptWindowStart], [FailedPasswordAnswerAttemptCount], [FailedPasswordAnswerAttemptWindowStart], [Comment]) VALUES (N'42ee1a25-826c-45c2-93e9-f418070aab6e', N'73470cf7-da57-47cb-b8f1-90c094b010e6', N'E5aKLCo3hMCDK+7d2D7PzbL8zFY=', 1, N'jvS6AwO7VE2OjpdVmTEeew==', NULL, N'dsv@rg.com', N'dsv@rg.com', N'company name', N'g2s/KO5oJrhTPBMPaedBNS4e6Cs=', 1, 0, CAST(0x0000A12C006D61F4 AS DateTime), CAST(0x0000A12C006D61F4 AS DateTime), CAST(0x0000A12C00805757 AS DateTime), CAST(0xFFFF2FB300000000 AS DateTime), 0, CAST(0xFFFF2FB300000000 AS DateTime), 0, CAST(0xFFFF2FB300000000 AS DateTime), NULL)
INSERT [dbo].[aspnet_Membership] ([ApplicationId], [UserId], [Password], [PasswordFormat], [PasswordSalt], [MobilePIN], [Email], [LoweredEmail], [PasswordQuestion], [PasswordAnswer], [IsApproved], [IsLockedOut], [CreateDate], [LastLoginDate], [LastPasswordChangedDate], [LastLockoutDate], [FailedPasswordAttemptCount], [FailedPasswordAttemptWindowStart], [FailedPasswordAnswerAttemptCount], [FailedPasswordAnswerAttemptWindowStart], [Comment]) VALUES (N'42ee1a25-826c-45c2-93e9-f418070aab6e', N'f6b0c04f-eedc-4d9a-9a29-dded21236ace', N'FoF7lc5V5bDmqii2ZtFcQ8YI4y4=', 1, N'IPVuoCEqDGTMEmcmOWh7Yg==', NULL, N'harshap@irononetech.com', N'harshap@irononetech.com', NULL, NULL, 1, 0, CAST(0x00009F650059B1B8 AS DateTime), CAST(0x0000A148004EC97B AS DateTime), CAST(0x0000A12B00833A3D AS DateTime), CAST(0xFFFF2FB300000000 AS DateTime), 0, CAST(0xFFFF2FB300000000 AS DateTime), 0, CAST(0xFFFF2FB300000000 AS DateTime), NULL)
INSERT [dbo].[aspnet_Membership] ([ApplicationId], [UserId], [Password], [PasswordFormat], [PasswordSalt], [MobilePIN], [Email], [LoweredEmail], [PasswordQuestion], [PasswordAnswer], [IsApproved], [IsLockedOut], [CreateDate], [LastLoginDate], [LastPasswordChangedDate], [LastLockoutDate], [FailedPasswordAttemptCount], [FailedPasswordAttemptWindowStart], [FailedPasswordAnswerAttemptCount], [FailedPasswordAnswerAttemptWindowStart], [Comment]) VALUES (N'42ee1a25-826c-45c2-93e9-f418070aab6e', N'a2282253-ce55-496b-b4b4-c2eb0e07ca63', N'kLYJLl7mK6D/nZ2fjXuwCK9A+lw=', 1, N'QOLD3KMDW59TkX0TLJAZ8A==', NULL, N'harshap@irononetech.com', N'harshap@irononetech.com', NULL, NULL, 1, 0, CAST(0x0000A11F0059D15C AS DateTime), CAST(0x0000A12000949EFC AS DateTime), CAST(0x0000A11F0059D15C AS DateTime), CAST(0xFFFF2FB300000000 AS DateTime), 0, CAST(0xFFFF2FB300000000 AS DateTime), 0, CAST(0xFFFF2FB300000000 AS DateTime), NULL)
INSERT [dbo].[aspnet_Membership] ([ApplicationId], [UserId], [Password], [PasswordFormat], [PasswordSalt], [MobilePIN], [Email], [LoweredEmail], [PasswordQuestion], [PasswordAnswer], [IsApproved], [IsLockedOut], [CreateDate], [LastLoginDate], [LastPasswordChangedDate], [LastLockoutDate], [FailedPasswordAttemptCount], [FailedPasswordAttemptWindowStart], [FailedPasswordAnswerAttemptCount], [FailedPasswordAnswerAttemptWindowStart], [Comment]) VALUES (N'42ee1a25-826c-45c2-93e9-f418070aab6e', N'58d3dada-c5c1-497b-8d6d-283cd8e0c689', N'7BdO5iYzB9qQ4dAIqEYQbCtmTRU=', 1, N'lLEnHDG/oSLi6mOsA9iDLw==', NULL, N'kumudhuw@irononetech.com', N'kumudhuw@irononetech.com', NULL, NULL, 1, 0, CAST(0x0000A11F005D7C08 AS DateTime), CAST(0x0000A11F005F3407 AS DateTime), CAST(0x0000A11F005D7C08 AS DateTime), CAST(0xFFFF2FB300000000 AS DateTime), 0, CAST(0xFFFF2FB300000000 AS DateTime), 0, CAST(0xFFFF2FB300000000 AS DateTime), NULL)
INSERT [dbo].[aspnet_Membership] ([ApplicationId], [UserId], [Password], [PasswordFormat], [PasswordSalt], [MobilePIN], [Email], [LoweredEmail], [PasswordQuestion], [PasswordAnswer], [IsApproved], [IsLockedOut], [CreateDate], [LastLoginDate], [LastPasswordChangedDate], [LastLockoutDate], [FailedPasswordAttemptCount], [FailedPasswordAttemptWindowStart], [FailedPasswordAnswerAttemptCount], [FailedPasswordAnswerAttemptWindowStart], [Comment]) VALUES (N'42ee1a25-826c-45c2-93e9-f418070aab6e', N'b783a7ee-eb17-4483-8f0a-aa9ae6a2e123', N'QjIHlXzSE1y4rPjqyCRbnGnzU8g=', 1, N'US1dad/C1Uz5v/OyWddi/Q==', NULL, N'lalal@dfsf.com', N'lalal@dfsf.com', N'company name', N'Ov+JMxmqYauCDUsWv3HQNyEUsfU=', 1, 0, CAST(0x0000A143009F9F48 AS DateTime), CAST(0x0000A143009F9F48 AS DateTime), CAST(0x0000A143009F9F48 AS DateTime), CAST(0xFFFF2FB300000000 AS DateTime), 0, CAST(0xFFFF2FB300000000 AS DateTime), 0, CAST(0xFFFF2FB300000000 AS DateTime), NULL)
INSERT [dbo].[aspnet_Membership] ([ApplicationId], [UserId], [Password], [PasswordFormat], [PasswordSalt], [MobilePIN], [Email], [LoweredEmail], [PasswordQuestion], [PasswordAnswer], [IsApproved], [IsLockedOut], [CreateDate], [LastLoginDate], [LastPasswordChangedDate], [LastLockoutDate], [FailedPasswordAttemptCount], [FailedPasswordAttemptWindowStart], [FailedPasswordAnswerAttemptCount], [FailedPasswordAnswerAttemptWindowStart], [Comment]) VALUES (N'42ee1a25-826c-45c2-93e9-f418070aab6e', N'3c9dbd0b-5f6e-4a44-bb1b-b393eb0b60eb', N'cL2X6TL+Df22gOl1EZx0rgFgBPk=', 1, N'yEiBdbGvAJQsMGPYY+2S8A==', NULL, N'lush@djdjd.com', N'lush@djdjd.com', N'company name', N'9NVKZ8C+vWyVMFU+5gcuyaz8gOs=', 1, 0, CAST(0x0000A13C00CF7308 AS DateTime), CAST(0x0000A13C00CF7308 AS DateTime), CAST(0x0000A13C00CF7308 AS DateTime), CAST(0xFFFF2FB300000000 AS DateTime), 0, CAST(0xFFFF2FB300000000 AS DateTime), 0, CAST(0xFFFF2FB300000000 AS DateTime), NULL)
INSERT [dbo].[aspnet_Membership] ([ApplicationId], [UserId], [Password], [PasswordFormat], [PasswordSalt], [MobilePIN], [Email], [LoweredEmail], [PasswordQuestion], [PasswordAnswer], [IsApproved], [IsLockedOut], [CreateDate], [LastLoginDate], [LastPasswordChangedDate], [LastLockoutDate], [FailedPasswordAttemptCount], [FailedPasswordAttemptWindowStart], [FailedPasswordAnswerAttemptCount], [FailedPasswordAnswerAttemptWindowStart], [Comment]) VALUES (N'42ee1a25-826c-45c2-93e9-f418070aab6e', N'53e77498-e32d-49d7-b503-3c28d2ee5489', N'wpbVQU3S8zHUKdKmDexbP4MCBQM=', 1, N'qFHzHgabmkwNltZoDXg4mw==', NULL, N'lush@jklfnh.com', N'lush@jklfnh.com', N'company name', N'3dctbtJuqD1LoEXVqKE2oT0KH+U=', 1, 0, CAST(0x0000A13C00C9C714 AS DateTime), CAST(0x0000A13C00C9C714 AS DateTime), CAST(0x0000A13C00C9C714 AS DateTime), CAST(0xFFFF2FB300000000 AS DateTime), 0, CAST(0xFFFF2FB300000000 AS DateTime), 0, CAST(0xFFFF2FB300000000 AS DateTime), NULL)
INSERT [dbo].[aspnet_Membership] ([ApplicationId], [UserId], [Password], [PasswordFormat], [PasswordSalt], [MobilePIN], [Email], [LoweredEmail], [PasswordQuestion], [PasswordAnswer], [IsApproved], [IsLockedOut], [CreateDate], [LastLoginDate], [LastPasswordChangedDate], [LastLockoutDate], [FailedPasswordAttemptCount], [FailedPasswordAttemptWindowStart], [FailedPasswordAnswerAttemptCount], [FailedPasswordAnswerAttemptWindowStart], [Comment]) VALUES (N'42ee1a25-826c-45c2-93e9-f418070aab6e', N'054c6976-964e-4233-b8c2-b673c1a73efa', N'LXuwN5WOEPEHhPHprLBR5UiNGFk=', 1, N'hz/CNB/NX++gzxxsmR/4MA==', NULL, N'lush@jklfnh.com', N'lush@jklfnh.com', N'company name', N'7KGFkVkcSgNRqhL9mY0WOkIMExE=', 1, 0, CAST(0x0000A13C00CA3668 AS DateTime), CAST(0x0000A13C00CA3668 AS DateTime), CAST(0x0000A13C00CA3668 AS DateTime), CAST(0xFFFF2FB300000000 AS DateTime), 0, CAST(0xFFFF2FB300000000 AS DateTime), 0, CAST(0xFFFF2FB300000000 AS DateTime), NULL)
INSERT [dbo].[aspnet_Membership] ([ApplicationId], [UserId], [Password], [PasswordFormat], [PasswordSalt], [MobilePIN], [Email], [LoweredEmail], [PasswordQuestion], [PasswordAnswer], [IsApproved], [IsLockedOut], [CreateDate], [LastLoginDate], [LastPasswordChangedDate], [LastLockoutDate], [FailedPasswordAttemptCount], [FailedPasswordAttemptWindowStart], [FailedPasswordAnswerAttemptCount], [FailedPasswordAnswerAttemptWindowStart], [Comment]) VALUES (N'42ee1a25-826c-45c2-93e9-f418070aab6e', N'3366c361-9057-4a2a-a5a0-b5702295005e', N's0G5bEFfNhrW/15dxXgM9PtTH5I=', 1, N'2smAdQxmkvzV86CqwXE4PA==', NULL, N'lush@jklfnh.com', N'lush@jklfnh.com', N'company name', N'UPckUwe9eqJKYgvw0nkpJWTRbvY=', 1, 0, CAST(0x0000A13C00CA5288 AS DateTime), CAST(0x0000A13C00CA5288 AS DateTime), CAST(0x0000A13C00CA5288 AS DateTime), CAST(0xFFFF2FB300000000 AS DateTime), 0, CAST(0xFFFF2FB300000000 AS DateTime), 0, CAST(0xFFFF2FB300000000 AS DateTime), NULL)
INSERT [dbo].[aspnet_Membership] ([ApplicationId], [UserId], [Password], [PasswordFormat], [PasswordSalt], [MobilePIN], [Email], [LoweredEmail], [PasswordQuestion], [PasswordAnswer], [IsApproved], [IsLockedOut], [CreateDate], [LastLoginDate], [LastPasswordChangedDate], [LastLockoutDate], [FailedPasswordAttemptCount], [FailedPasswordAttemptWindowStart], [FailedPasswordAnswerAttemptCount], [FailedPasswordAnswerAttemptWindowStart], [Comment]) VALUES (N'42ee1a25-826c-45c2-93e9-f418070aab6e', N'eef29677-36dd-401e-a46b-b99f309ede14', N'5nQMgkAtSIfaIDlLFs7g8mJfJ7A=', 1, N'xk0tR8YeSaj7S24OqIXHWg==', NULL, N'lusjkkj@dhjd.com', N'lusjkkj@dhjd.com', N'company name', N'l8UWF+pOP9K/Ip0OPhGIfC9ImUI=', 1, 0, CAST(0x0000A13C00CBBDD0 AS DateTime), CAST(0x0000A13C00CBBDD0 AS DateTime), CAST(0x0000A13C00CBBDD0 AS DateTime), CAST(0xFFFF2FB300000000 AS DateTime), 0, CAST(0xFFFF2FB300000000 AS DateTime), 0, CAST(0xFFFF2FB300000000 AS DateTime), NULL)
INSERT [dbo].[aspnet_Membership] ([ApplicationId], [UserId], [Password], [PasswordFormat], [PasswordSalt], [MobilePIN], [Email], [LoweredEmail], [PasswordQuestion], [PasswordAnswer], [IsApproved], [IsLockedOut], [CreateDate], [LastLoginDate], [LastPasswordChangedDate], [LastLockoutDate], [FailedPasswordAttemptCount], [FailedPasswordAttemptWindowStart], [FailedPasswordAnswerAttemptCount], [FailedPasswordAnswerAttemptWindowStart], [Comment]) VALUES (N'42ee1a25-826c-45c2-93e9-f418070aab6e', N'3a1b826d-077a-47d5-8642-9cd3e0f33bca', N'mQNULiYIY8qkvPC1UzUkX94KCsg=', 1, N'eYlrZuPXt9OLDGyLh/chyg==', NULL, N'ol@fg.com', N'ol@fg.com', N'company name', N'kDtAJnthyn+2WLHv8122y5SfY5I=', 1, 0, CAST(0x0000A12C00803130 AS DateTime), CAST(0x0000A12C00803130 AS DateTime), CAST(0x0000A12C00803130 AS DateTime), CAST(0xFFFF2FB300000000 AS DateTime), 0, CAST(0xFFFF2FB300000000 AS DateTime), 0, CAST(0xFFFF2FB300000000 AS DateTime), NULL)
INSERT [dbo].[aspnet_Membership] ([ApplicationId], [UserId], [Password], [PasswordFormat], [PasswordSalt], [MobilePIN], [Email], [LoweredEmail], [PasswordQuestion], [PasswordAnswer], [IsApproved], [IsLockedOut], [CreateDate], [LastLoginDate], [LastPasswordChangedDate], [LastLockoutDate], [FailedPasswordAttemptCount], [FailedPasswordAttemptWindowStart], [FailedPasswordAnswerAttemptCount], [FailedPasswordAnswerAttemptWindowStart], [Comment]) VALUES (N'42ee1a25-826c-45c2-93e9-f418070aab6e', N'1f520935-8aec-4411-aa1e-db7e5ffb1b6b', N'UZD5GOwsfnK8Whjsa34GPZBv7AE=', 1, N'vZauC5Ci1WmX7hUebDuoKA==', NULL, N'ruwanp@irononetech.com', N'ruwanp@irononetech.com', NULL, NULL, 1, 0, CAST(0x0000A11F0059F6DC AS DateTime), CAST(0x0000A11F009AFFF6 AS DateTime), CAST(0x0000A11F0059F6DC AS DateTime), CAST(0xFFFF2FB300000000 AS DateTime), 0, CAST(0xFFFF2FB300000000 AS DateTime), 0, CAST(0xFFFF2FB300000000 AS DateTime), NULL)
INSERT [dbo].[aspnet_Membership] ([ApplicationId], [UserId], [Password], [PasswordFormat], [PasswordSalt], [MobilePIN], [Email], [LoweredEmail], [PasswordQuestion], [PasswordAnswer], [IsApproved], [IsLockedOut], [CreateDate], [LastLoginDate], [LastPasswordChangedDate], [LastLockoutDate], [FailedPasswordAttemptCount], [FailedPasswordAttemptWindowStart], [FailedPasswordAnswerAttemptCount], [FailedPasswordAnswerAttemptWindowStart], [Comment]) VALUES (N'42ee1a25-826c-45c2-93e9-f418070aab6e', N'da5f6c70-4675-4c5d-b3f5-6e320a533a30', N'f9ktSUkMhSntImgjVDhQoTn48WM=', 1, N'BVuc5sOabdRFvaThGy5GOQ==', NULL, N'sandareka18@gmail.com', N'sandareka18@gmail.com', N'company name', N'vNZbfPk0UkfT/2LSgItIPg6dT2Q=', 1, 0, CAST(0x0000A1270054A8A8 AS DateTime), CAST(0x0000A1270054A8A8 AS DateTime), CAST(0x0000A1270054A8A8 AS DateTime), CAST(0xFFFF2FB300000000 AS DateTime), 0, CAST(0xFFFF2FB300000000 AS DateTime), 0, CAST(0xFFFF2FB300000000 AS DateTime), NULL)
INSERT [dbo].[aspnet_Membership] ([ApplicationId], [UserId], [Password], [PasswordFormat], [PasswordSalt], [MobilePIN], [Email], [LoweredEmail], [PasswordQuestion], [PasswordAnswer], [IsApproved], [IsLockedOut], [CreateDate], [LastLoginDate], [LastPasswordChangedDate], [LastLockoutDate], [FailedPasswordAttemptCount], [FailedPasswordAttemptWindowStart], [FailedPasswordAnswerAttemptCount], [FailedPasswordAnswerAttemptWindowStart], [Comment]) VALUES (N'42ee1a25-826c-45c2-93e9-f418070aab6e', N'2ffba48c-d122-40a5-9291-025f83bbc6e9', N'aNVkfk3Px9PDiu14UBPDraKzxFU=', 1, N'SaYz0NbOtoUKpQyAV6/IJQ==', NULL, N'sandareka18@gmail.com', N'sandareka18@gmail.com', N'company name', N'jpE+99eQyBE3k55FfDyOH3Z+0JM=', 1, 0, CAST(0x0000A12700553C50 AS DateTime), CAST(0x0000A12700553C50 AS DateTime), CAST(0x0000A131004E6E56 AS DateTime), CAST(0xFFFF2FB300000000 AS DateTime), 0, CAST(0xFFFF2FB300000000 AS DateTime), 0, CAST(0xFFFF2FB300000000 AS DateTime), NULL)
INSERT [dbo].[aspnet_Membership] ([ApplicationId], [UserId], [Password], [PasswordFormat], [PasswordSalt], [MobilePIN], [Email], [LoweredEmail], [PasswordQuestion], [PasswordAnswer], [IsApproved], [IsLockedOut], [CreateDate], [LastLoginDate], [LastPasswordChangedDate], [LastLockoutDate], [FailedPasswordAttemptCount], [FailedPasswordAttemptWindowStart], [FailedPasswordAnswerAttemptCount], [FailedPasswordAnswerAttemptWindowStart], [Comment]) VALUES (N'42ee1a25-826c-45c2-93e9-f418070aab6e', N'01088f75-55cb-4c53-87d8-e544c17752ee', N'CV2OcTr4IOwj6R31dnsZ8nzMYDY=', 1, N'bLTtT0/z/iGeskbx+GmqpA==', NULL, N'shiranthas@irononetech.com', N'shiranthas@irononetech.com', N'company name', N'c+k1+XBAD2rs+XSznN28s/bjeFg=', 1, 0, CAST(0x0000A1410055DBB0 AS DateTime), CAST(0x0000A141006CD5B6 AS DateTime), CAST(0x0000A1410055DBB0 AS DateTime), CAST(0xFFFF2FB300000000 AS DateTime), 0, CAST(0xFFFF2FB300000000 AS DateTime), 0, CAST(0xFFFF2FB300000000 AS DateTime), NULL)
INSERT [dbo].[aspnet_Membership] ([ApplicationId], [UserId], [Password], [PasswordFormat], [PasswordSalt], [MobilePIN], [Email], [LoweredEmail], [PasswordQuestion], [PasswordAnswer], [IsApproved], [IsLockedOut], [CreateDate], [LastLoginDate], [LastPasswordChangedDate], [LastLockoutDate], [FailedPasswordAttemptCount], [FailedPasswordAttemptWindowStart], [FailedPasswordAnswerAttemptCount], [FailedPasswordAnswerAttemptWindowStart], [Comment]) VALUES (N'42ee1a25-826c-45c2-93e9-f418070aab6e', N'd1193812-6fbe-4ea9-a470-33eedb4c8a4e', N'yCPEMJ581ZJx72egnTrp4PvSwbI=', 1, N'yuyfDzaHTDyjp5MhC3qcrg==', NULL, N'slicadmin@yahoo.com', N'slicadmin@yahoo.com', NULL, NULL, 1, 0, CAST(0x0000A11F00599B74 AS DateTime), CAST(0x0000A11F005B6890 AS DateTime), CAST(0x0000A11F00599B74 AS DateTime), CAST(0xFFFF2FB300000000 AS DateTime), 0, CAST(0xFFFF2FB300000000 AS DateTime), 0, CAST(0xFFFF2FB300000000 AS DateTime), NULL)
INSERT [dbo].[aspnet_Membership] ([ApplicationId], [UserId], [Password], [PasswordFormat], [PasswordSalt], [MobilePIN], [Email], [LoweredEmail], [PasswordQuestion], [PasswordAnswer], [IsApproved], [IsLockedOut], [CreateDate], [LastLoginDate], [LastPasswordChangedDate], [LastLockoutDate], [FailedPasswordAttemptCount], [FailedPasswordAttemptWindowStart], [FailedPasswordAnswerAttemptCount], [FailedPasswordAnswerAttemptWindowStart], [Comment]) VALUES (N'42ee1a25-826c-45c2-93e9-f418070aab6e', N'e1a30b26-066b-413a-b15d-92f262a2d7ac', N'DggPyQz5fQhZ+vSR3/Lrf0rNrPI=', 1, N'FE2p2qiOmlwtzPNRgpLkVw==', NULL, N'surenm@irononetech.com', N'surenm@irononetech.com', NULL, NULL, 1, 0, CAST(0x0000A11F005BA748 AS DateTime), CAST(0x0000A11F009B0FC9 AS DateTime), CAST(0x0000A11F005BA748 AS DateTime), CAST(0xFFFF2FB300000000 AS DateTime), 0, CAST(0xFFFF2FB300000000 AS DateTime), 0, CAST(0xFFFF2FB300000000 AS DateTime), NULL)
INSERT [dbo].[aspnet_Membership] ([ApplicationId], [UserId], [Password], [PasswordFormat], [PasswordSalt], [MobilePIN], [Email], [LoweredEmail], [PasswordQuestion], [PasswordAnswer], [IsApproved], [IsLockedOut], [CreateDate], [LastLoginDate], [LastPasswordChangedDate], [LastLockoutDate], [FailedPasswordAttemptCount], [FailedPasswordAttemptWindowStart], [FailedPasswordAnswerAttemptCount], [FailedPasswordAnswerAttemptWindowStart], [Comment]) VALUES (N'42ee1a25-826c-45c2-93e9-f418070aab6e', N'e316b6fa-8a0f-4262-a290-eb4bcd5a7398', N'+hl3nOwIhZrIZhWZFgDv9BVYG5s=', 1, N'vL6ONVJgHwpe5MZSdpE1uA==', NULL, N'sw0900@gmail.com', N'sw0900@gmail.com', N'company name', N'PK8Nx43RGHC/KA3dedJGMHGGwvs=', 1, 0, CAST(0x0000A1250054A8A8 AS DateTime), CAST(0x0000A1250054A8A8 AS DateTime), CAST(0x0000A1250054A8A8 AS DateTime), CAST(0xFFFF2FB300000000 AS DateTime), 0, CAST(0xFFFF2FB300000000 AS DateTime), 0, CAST(0xFFFF2FB300000000 AS DateTime), NULL)
INSERT [dbo].[aspnet_Membership] ([ApplicationId], [UserId], [Password], [PasswordFormat], [PasswordSalt], [MobilePIN], [Email], [LoweredEmail], [PasswordQuestion], [PasswordAnswer], [IsApproved], [IsLockedOut], [CreateDate], [LastLoginDate], [LastPasswordChangedDate], [LastLockoutDate], [FailedPasswordAttemptCount], [FailedPasswordAttemptWindowStart], [FailedPasswordAnswerAttemptCount], [FailedPasswordAnswerAttemptWindowStart], [Comment]) VALUES (N'42ee1a25-826c-45c2-93e9-f418070aab6e', N'c1060b53-b85a-4d6b-897c-a963df353aed', N'O3XPnbDajyXag6j96OeUBJqLvpw=', 1, N'YlifSELUyqNrtjcXqXMNjg==', NULL, N'sw0900@gmail.com', N'sw0900@gmail.com', N'company name', N'KhzCs7kLZvLiQFqZ7fAwP23zUMA=', 1, 0, CAST(0x0000A12500583D10 AS DateTime), CAST(0x0000A12500583D10 AS DateTime), CAST(0x0000A12500583D10 AS DateTime), CAST(0xFFFF2FB300000000 AS DateTime), 0, CAST(0xFFFF2FB300000000 AS DateTime), 0, CAST(0xFFFF2FB300000000 AS DateTime), NULL)
INSERT [dbo].[aspnet_Membership] ([ApplicationId], [UserId], [Password], [PasswordFormat], [PasswordSalt], [MobilePIN], [Email], [LoweredEmail], [PasswordQuestion], [PasswordAnswer], [IsApproved], [IsLockedOut], [CreateDate], [LastLoginDate], [LastPasswordChangedDate], [LastLockoutDate], [FailedPasswordAttemptCount], [FailedPasswordAttemptWindowStart], [FailedPasswordAnswerAttemptCount], [FailedPasswordAnswerAttemptWindowStart], [Comment]) VALUES (N'42ee1a25-826c-45c2-93e9-f418070aab6e', N'f37f23b5-7cb2-47a9-93dc-0c6dba55afa9', N'KQK7tNtX+6c6ET7zunMGwq5TkVc=', 1, N'xZtt3z4wnj/wa2nKITDlBw==', NULL, N'sw0900@gmail.com', N'sw0900@gmail.com', N'company name', N'ubPqhdPyFQbmg1vZ9SaVaW4cw10=', 1, 0, CAST(0x0000A1250058C17C AS DateTime), CAST(0x0000A1250058C17C AS DateTime), CAST(0x0000A1250058C17C AS DateTime), CAST(0xFFFF2FB300000000 AS DateTime), 0, CAST(0xFFFF2FB300000000 AS DateTime), 0, CAST(0xFFFF2FB300000000 AS DateTime), NULL)
INSERT [dbo].[aspnet_Membership] ([ApplicationId], [UserId], [Password], [PasswordFormat], [PasswordSalt], [MobilePIN], [Email], [LoweredEmail], [PasswordQuestion], [PasswordAnswer], [IsApproved], [IsLockedOut], [CreateDate], [LastLoginDate], [LastPasswordChangedDate], [LastLockoutDate], [FailedPasswordAttemptCount], [FailedPasswordAttemptWindowStart], [FailedPasswordAnswerAttemptCount], [FailedPasswordAnswerAttemptWindowStart], [Comment]) VALUES (N'42ee1a25-826c-45c2-93e9-f418070aab6e', N'1b5facf7-6843-48be-a275-16439dc94648', N'WxeGU/KfNVvVldZOEPUBlBBJtd0=', 1, N'Ap5MtDlHT5CJsRDI6+Obqg==', NULL, N'sw0900@gmail.com', N'sw0900@gmail.com', N'company name', N'd6bXoVAm5vWIid9Qhaq0unlhnFo=', 1, 0, CAST(0x0000A125007F6D7C AS DateTime), CAST(0x0000A125007F6D7C AS DateTime), CAST(0x0000A125007F6D7C AS DateTime), CAST(0xFFFF2FB300000000 AS DateTime), 0, CAST(0xFFFF2FB300000000 AS DateTime), 0, CAST(0xFFFF2FB300000000 AS DateTime), NULL)
INSERT [dbo].[aspnet_Membership] ([ApplicationId], [UserId], [Password], [PasswordFormat], [PasswordSalt], [MobilePIN], [Email], [LoweredEmail], [PasswordQuestion], [PasswordAnswer], [IsApproved], [IsLockedOut], [CreateDate], [LastLoginDate], [LastPasswordChangedDate], [LastLockoutDate], [FailedPasswordAttemptCount], [FailedPasswordAttemptWindowStart], [FailedPasswordAnswerAttemptCount], [FailedPasswordAnswerAttemptWindowStart], [Comment]) VALUES (N'42ee1a25-826c-45c2-93e9-f418070aab6e', N'a54ea6a5-ae84-4019-be6f-9bb93c3becce', N'cZWrF1yyMYDRUavLgMSf+9BREUI=', 1, N'u5UIvssR7HykTeQXGG/qhQ==', NULL, N'sw0900@gmail.com', N'sw0900@gmail.com', N'company name', N'Cl5f4y8SfQmoqZ3NlPkkujE1RP0=', 1, 0, CAST(0x0000A12500813FE4 AS DateTime), CAST(0x0000A12500813FE4 AS DateTime), CAST(0x0000A12500813FE4 AS DateTime), CAST(0xFFFF2FB300000000 AS DateTime), 0, CAST(0xFFFF2FB300000000 AS DateTime), 0, CAST(0xFFFF2FB300000000 AS DateTime), NULL)
INSERT [dbo].[aspnet_Membership] ([ApplicationId], [UserId], [Password], [PasswordFormat], [PasswordSalt], [MobilePIN], [Email], [LoweredEmail], [PasswordQuestion], [PasswordAnswer], [IsApproved], [IsLockedOut], [CreateDate], [LastLoginDate], [LastPasswordChangedDate], [LastLockoutDate], [FailedPasswordAttemptCount], [FailedPasswordAttemptWindowStart], [FailedPasswordAnswerAttemptCount], [FailedPasswordAnswerAttemptWindowStart], [Comment]) VALUES (N'42ee1a25-826c-45c2-93e9-f418070aab6e', N'75c692d7-5dca-4f1e-a9e3-5ef9d3503de5', N'Czjx5ie3/9T/dMsZ9PlR80lMVi8=', 1, N'Gi5alMjYk091OUBhsSETow==', NULL, N'sw0900@gmail.com', N'sw0900@gmail.com', N'company name', N'KCofj7wE/Vcocu4ppl1zhQVY9Vw=', 1, 0, CAST(0x0000A12500820CF8 AS DateTime), CAST(0x0000A12500820CF8 AS DateTime), CAST(0x0000A12500820CF8 AS DateTime), CAST(0xFFFF2FB300000000 AS DateTime), 0, CAST(0xFFFF2FB300000000 AS DateTime), 0, CAST(0xFFFF2FB300000000 AS DateTime), NULL)
INSERT [dbo].[aspnet_Membership] ([ApplicationId], [UserId], [Password], [PasswordFormat], [PasswordSalt], [MobilePIN], [Email], [LoweredEmail], [PasswordQuestion], [PasswordAnswer], [IsApproved], [IsLockedOut], [CreateDate], [LastLoginDate], [LastPasswordChangedDate], [LastLockoutDate], [FailedPasswordAttemptCount], [FailedPasswordAttemptWindowStart], [FailedPasswordAnswerAttemptCount], [FailedPasswordAnswerAttemptWindowStart], [Comment]) VALUES (N'42ee1a25-826c-45c2-93e9-f418070aab6e', N'7853c0da-9947-43be-9c75-ff675d1b900c', N'Wfh4oouBUokRXt6lsR0DESfBWhg=', 1, N'R08ogYWGTrY4iCi5z+H5aQ==', NULL, N'sw0900@gmail.com', N'sw0900@gmail.com', N'company name', N'3WAoxZF6xLuRg2wJrTZ/XBL12Fg=', 1, 0, CAST(0x0000A125008286D8 AS DateTime), CAST(0x0000A125008286D8 AS DateTime), CAST(0x0000A125008286D8 AS DateTime), CAST(0xFFFF2FB300000000 AS DateTime), 0, CAST(0xFFFF2FB300000000 AS DateTime), 0, CAST(0xFFFF2FB300000000 AS DateTime), NULL)
INSERT [dbo].[aspnet_Membership] ([ApplicationId], [UserId], [Password], [PasswordFormat], [PasswordSalt], [MobilePIN], [Email], [LoweredEmail], [PasswordQuestion], [PasswordAnswer], [IsApproved], [IsLockedOut], [CreateDate], [LastLoginDate], [LastPasswordChangedDate], [LastLockoutDate], [FailedPasswordAttemptCount], [FailedPasswordAttemptWindowStart], [FailedPasswordAnswerAttemptCount], [FailedPasswordAnswerAttemptWindowStart], [Comment]) VALUES (N'42ee1a25-826c-45c2-93e9-f418070aab6e', N'68177fb5-a38e-4774-bc4b-3e7461f7d5d9', N'LLSYMBwTgyy4T3I3YEHEU2SauOA=', 1, N'+1x1iYE6ctsI2PaJF+kYDA==', NULL, N'sw0900@gmail.com', N'sw0900@gmail.com', N'company name', N'1Eo1rp1wuaiuwnHqM8nhAPJDOUs=', 1, 0, CAST(0x0000A12500B2C9EC AS DateTime), CAST(0x0000A135007B4ACA AS DateTime), CAST(0x0000A135007B37F2 AS DateTime), CAST(0xFFFF2FB300000000 AS DateTime), 0, CAST(0xFFFF2FB300000000 AS DateTime), 0, CAST(0xFFFF2FB300000000 AS DateTime), NULL)
INSERT [dbo].[aspnet_Membership] ([ApplicationId], [UserId], [Password], [PasswordFormat], [PasswordSalt], [MobilePIN], [Email], [LoweredEmail], [PasswordQuestion], [PasswordAnswer], [IsApproved], [IsLockedOut], [CreateDate], [LastLoginDate], [LastPasswordChangedDate], [LastLockoutDate], [FailedPasswordAttemptCount], [FailedPasswordAttemptWindowStart], [FailedPasswordAnswerAttemptCount], [FailedPasswordAnswerAttemptWindowStart], [Comment]) VALUES (N'42ee1a25-826c-45c2-93e9-f418070aab6e', N'e3dca217-bb67-45a2-a6bc-183b09639365', N'AzHOFDsix5hGE5zJvt0hCkhvF48=', 1, N'RlTghqjQbGZoHQ6u6XjK9Q==', NULL, N'sw0900@gmail.com', N'sw0900@gmail.com', N'company name', N'4KEnPdopA/qreAm4f9BWwP4dDpw=', 1, 0, CAST(0x0000A12500B52570 AS DateTime), CAST(0x0000A12500B52570 AS DateTime), CAST(0x0000A12500B52570 AS DateTime), CAST(0xFFFF2FB300000000 AS DateTime), 0, CAST(0xFFFF2FB300000000 AS DateTime), 0, CAST(0xFFFF2FB300000000 AS DateTime), NULL)
INSERT [dbo].[aspnet_Membership] ([ApplicationId], [UserId], [Password], [PasswordFormat], [PasswordSalt], [MobilePIN], [Email], [LoweredEmail], [PasswordQuestion], [PasswordAnswer], [IsApproved], [IsLockedOut], [CreateDate], [LastLoginDate], [LastPasswordChangedDate], [LastLockoutDate], [FailedPasswordAttemptCount], [FailedPasswordAttemptWindowStart], [FailedPasswordAnswerAttemptCount], [FailedPasswordAnswerAttemptWindowStart], [Comment]) VALUES (N'42ee1a25-826c-45c2-93e9-f418070aab6e', N'8f0a6806-20b3-4e8c-91ac-490f1fe6c621', N'WQXS7kIuipF0Nc/dFzP/J15Lf0A=', 1, N'1qYx3QSIsfROG5vO1noVPQ==', NULL, N'sw0900@gmail.com', N'sw0900@gmail.com', N'company name', N'/5Xwg6E+GNA6fcEu+2RN3hRl22E=', 1, 0, CAST(0x0000A12500B5EB7C AS DateTime), CAST(0x0000A12500B5EB7C AS DateTime), CAST(0x0000A12500B5EB7C AS DateTime), CAST(0xFFFF2FB300000000 AS DateTime), 0, CAST(0xFFFF2FB300000000 AS DateTime), 0, CAST(0xFFFF2FB300000000 AS DateTime), NULL)
INSERT [dbo].[aspnet_Membership] ([ApplicationId], [UserId], [Password], [PasswordFormat], [PasswordSalt], [MobilePIN], [Email], [LoweredEmail], [PasswordQuestion], [PasswordAnswer], [IsApproved], [IsLockedOut], [CreateDate], [LastLoginDate], [LastPasswordChangedDate], [LastLockoutDate], [FailedPasswordAttemptCount], [FailedPasswordAttemptWindowStart], [FailedPasswordAnswerAttemptCount], [FailedPasswordAnswerAttemptWindowStart], [Comment]) VALUES (N'42ee1a25-826c-45c2-93e9-f418070aab6e', N'dfa32fca-1168-4474-888f-b68b6a81d30e', N'00YEgeZqn80C40j7BJb/pB5SjYA=', 1, N'i1Qgb9ggf4OEcEnHggGFUA==', NULL, N'sw0900@gmail.com', N'sw0900@gmail.com', N'company name', N'aDeWNi5nD/OFdql8FakI8MWJppw=', 1, 0, CAST(0x0000A12600C0A1AC AS DateTime), CAST(0x0000A12600C0A1AC AS DateTime), CAST(0x0000A12600C0A1AC AS DateTime), CAST(0xFFFF2FB300000000 AS DateTime), 0, CAST(0xFFFF2FB300000000 AS DateTime), 0, CAST(0xFFFF2FB300000000 AS DateTime), NULL)
INSERT [dbo].[aspnet_Membership] ([ApplicationId], [UserId], [Password], [PasswordFormat], [PasswordSalt], [MobilePIN], [Email], [LoweredEmail], [PasswordQuestion], [PasswordAnswer], [IsApproved], [IsLockedOut], [CreateDate], [LastLoginDate], [LastPasswordChangedDate], [LastLockoutDate], [FailedPasswordAttemptCount], [FailedPasswordAttemptWindowStart], [FailedPasswordAnswerAttemptCount], [FailedPasswordAnswerAttemptWindowStart], [Comment]) VALUES (N'42ee1a25-826c-45c2-93e9-f418070aab6e', N'9120d969-cc97-49c3-bfee-d7a7ed0f4d02', N'++YGcwkkc4mflqKYZr3BAkgaWMk=', 1, N'91aaB7zXxbaKDje6BCvnwA==', NULL, N'sw0900@gmail.com', N'sw0900@gmail.com', N'company name', N'ty0dKF5xh8w8sB44mADpyrSCBx8=', 1, 0, CAST(0x0000A1270053A480 AS DateTime), CAST(0x0000A1270053A480 AS DateTime), CAST(0x0000A1270053A480 AS DateTime), CAST(0xFFFF2FB300000000 AS DateTime), 0, CAST(0xFFFF2FB300000000 AS DateTime), 0, CAST(0xFFFF2FB300000000 AS DateTime), NULL)
INSERT [dbo].[aspnet_Membership] ([ApplicationId], [UserId], [Password], [PasswordFormat], [PasswordSalt], [MobilePIN], [Email], [LoweredEmail], [PasswordQuestion], [PasswordAnswer], [IsApproved], [IsLockedOut], [CreateDate], [LastLoginDate], [LastPasswordChangedDate], [LastLockoutDate], [FailedPasswordAttemptCount], [FailedPasswordAttemptWindowStart], [FailedPasswordAnswerAttemptCount], [FailedPasswordAnswerAttemptWindowStart], [Comment]) VALUES (N'42ee1a25-826c-45c2-93e9-f418070aab6e', N'd981d156-abf4-4189-9fe6-82838a2cafbc', N'D75SmTYabZtfmlbZZGBThKTfJ3c=', 1, N'BdDOE7ivZjOV/jTL5J+t3Q==', NULL, N'sw0900@gmail.com', N'sw0900@gmail.com', N'company name', N'D8kE+oFxpla5K6Vg14FKkWnQcL0=', 1, 0, CAST(0x0000A12700541500 AS DateTime), CAST(0x0000A12700541500 AS DateTime), CAST(0x0000A12700541500 AS DateTime), CAST(0xFFFF2FB300000000 AS DateTime), 0, CAST(0xFFFF2FB300000000 AS DateTime), 0, CAST(0xFFFF2FB300000000 AS DateTime), NULL)
INSERT [dbo].[aspnet_Membership] ([ApplicationId], [UserId], [Password], [PasswordFormat], [PasswordSalt], [MobilePIN], [Email], [LoweredEmail], [PasswordQuestion], [PasswordAnswer], [IsApproved], [IsLockedOut], [CreateDate], [LastLoginDate], [LastPasswordChangedDate], [LastLockoutDate], [FailedPasswordAttemptCount], [FailedPasswordAttemptWindowStart], [FailedPasswordAnswerAttemptCount], [FailedPasswordAnswerAttemptWindowStart], [Comment]) VALUES (N'42ee1a25-826c-45c2-93e9-f418070aab6e', N'e3b12c96-1cf9-4ccf-a640-46ba44c8c27f', N'5FQA/wLCswlStX88bNQkdyrMIJ0=', 1, N'AYBpC0Aqaq1vZNpNamiGzg==', NULL, N'sw0900@gmail.com', N'sw0900@gmail.com', N'company name', N'JYIFpubpWqjYaAAKgLFniRDpmcA=', 1, 0, CAST(0x0000A12500830C70 AS DateTime), CAST(0x0000A12500830C70 AS DateTime), CAST(0x0000A12500830C70 AS DateTime), CAST(0xFFFF2FB300000000 AS DateTime), 0, CAST(0xFFFF2FB300000000 AS DateTime), 0, CAST(0xFFFF2FB300000000 AS DateTime), NULL)
INSERT [dbo].[aspnet_Membership] ([ApplicationId], [UserId], [Password], [PasswordFormat], [PasswordSalt], [MobilePIN], [Email], [LoweredEmail], [PasswordQuestion], [PasswordAnswer], [IsApproved], [IsLockedOut], [CreateDate], [LastLoginDate], [LastPasswordChangedDate], [LastLockoutDate], [FailedPasswordAttemptCount], [FailedPasswordAttemptWindowStart], [FailedPasswordAnswerAttemptCount], [FailedPasswordAnswerAttemptWindowStart], [Comment]) VALUES (N'42ee1a25-826c-45c2-93e9-f418070aab6e', N'790a40e3-436d-4896-b577-8a98ef62630e', N't6UuLdKUYBaq7o9Wpq4GT1xj7A4=', 1, N'nX7cgQaUOZMNdZ5twtsfrg==', NULL, N'sw0900@gmail.com', N'sw0900@gmail.com', N'company name', N'UfYwc6PG5pp7LV5YMT24hDCvoMU=', 0, 0, CAST(0x0000A12500A52F1C AS DateTime), CAST(0x0000A12500A52F1C AS DateTime), CAST(0x0000A12500A52F1C AS DateTime), CAST(0xFFFF2FB300000000 AS DateTime), 0, CAST(0xFFFF2FB300000000 AS DateTime), 0, CAST(0xFFFF2FB300000000 AS DateTime), NULL)
INSERT [dbo].[aspnet_Membership] ([ApplicationId], [UserId], [Password], [PasswordFormat], [PasswordSalt], [MobilePIN], [Email], [LoweredEmail], [PasswordQuestion], [PasswordAnswer], [IsApproved], [IsLockedOut], [CreateDate], [LastLoginDate], [LastPasswordChangedDate], [LastLockoutDate], [FailedPasswordAttemptCount], [FailedPasswordAttemptWindowStart], [FailedPasswordAnswerAttemptCount], [FailedPasswordAnswerAttemptWindowStart], [Comment]) VALUES (N'42ee1a25-826c-45c2-93e9-f418070aab6e', N'8221a63b-7153-4084-8788-6d777915d996', N'oIzcsDuM8mAorwvkOE61/xXhPOQ=', 1, N'sEYF7MiWUdxBpqIs/wiieQ==', NULL, N'ttt@jjg.com', N'ttt@jjg.com', N'company name', N'PKNwNw2nayqKnQwTThH11omuD+c=', 1, 0, CAST(0x0000A12C006DCB6C AS DateTime), CAST(0x0000A12C006DCB6C AS DateTime), CAST(0x0000A12C006DCB6C AS DateTime), CAST(0xFFFF2FB300000000 AS DateTime), 0, CAST(0xFFFF2FB300000000 AS DateTime), 0, CAST(0xFFFF2FB300000000 AS DateTime), NULL)
/****** Object:  Table [dbo].[aspnet_PersonalizationAllUsers]    Script Date: 01/16/2013 10:20:14 ******/
/****** Object:  Table [dbo].[aspnet_UsersInRoles]    Script Date: 01/16/2013 10:20:14 ******/
INSERT [dbo].[aspnet_UsersInRoles] ([UserId], [RoleId]) VALUES (N'58d3dada-c5c1-497b-8d6d-283cd8e0c689', N'5cb24ac1-013f-4d39-98f3-0ecf810f58d4')
INSERT [dbo].[aspnet_UsersInRoles] ([UserId], [RoleId]) VALUES (N'd1193812-6fbe-4ea9-a470-33eedb4c8a4e', N'd64d0f39-966c-406f-b544-363d70412ce0')
INSERT [dbo].[aspnet_UsersInRoles] ([UserId], [RoleId]) VALUES (N'8221a63b-7153-4084-8788-6d777915d996', N'd64d0f39-966c-406f-b544-363d70412ce0')
INSERT [dbo].[aspnet_UsersInRoles] ([UserId], [RoleId]) VALUES (N'271a40c7-a62d-4865-a574-7592738185ae', N'd64d0f39-966c-406f-b544-363d70412ce0')
INSERT [dbo].[aspnet_UsersInRoles] ([UserId], [RoleId]) VALUES (N'73470cf7-da57-47cb-b8f1-90c094b010e6', N'd64d0f39-966c-406f-b544-363d70412ce0')
INSERT [dbo].[aspnet_UsersInRoles] ([UserId], [RoleId]) VALUES (N'f6b0c04f-eedc-4d9a-9a29-dded21236ace', N'd64d0f39-966c-406f-b544-363d70412ce0')
INSERT [dbo].[aspnet_UsersInRoles] ([UserId], [RoleId]) VALUES (N'da5f6c70-4675-4c5d-b3f5-6e320a533a30', N'771511e4-56ac-4b3a-aa29-40636510b13a')
INSERT [dbo].[aspnet_UsersInRoles] ([UserId], [RoleId]) VALUES (N'1f520935-8aec-4411-aa1e-db7e5ffb1b6b', N'771511e4-56ac-4b3a-aa29-40636510b13a')
INSERT [dbo].[aspnet_UsersInRoles] ([UserId], [RoleId]) VALUES (N'a2282253-ce55-496b-b4b4-c2eb0e07ca63', N'2a4a2b24-665e-40e4-88e3-94aef900f4de')
INSERT [dbo].[aspnet_UsersInRoles] ([UserId], [RoleId]) VALUES (N'01088f75-55cb-4c53-87d8-e544c17752ee', N'2a4a2b24-665e-40e4-88e3-94aef900f4de')
INSERT [dbo].[aspnet_UsersInRoles] ([UserId], [RoleId]) VALUES (N'f37f23b5-7cb2-47a9-93dc-0c6dba55afa9', N'3147d396-c9d9-4a25-9f61-aa48072961f2')
INSERT [dbo].[aspnet_UsersInRoles] ([UserId], [RoleId]) VALUES (N'1b5facf7-6843-48be-a275-16439dc94648', N'3147d396-c9d9-4a25-9f61-aa48072961f2')
INSERT [dbo].[aspnet_UsersInRoles] ([UserId], [RoleId]) VALUES (N'68177fb5-a38e-4774-bc4b-3e7461f7d5d9', N'3147d396-c9d9-4a25-9f61-aa48072961f2')
INSERT [dbo].[aspnet_UsersInRoles] ([UserId], [RoleId]) VALUES (N'e3b12c96-1cf9-4ccf-a640-46ba44c8c27f', N'3147d396-c9d9-4a25-9f61-aa48072961f2')
INSERT [dbo].[aspnet_UsersInRoles] ([UserId], [RoleId]) VALUES (N'75c692d7-5dca-4f1e-a9e3-5ef9d3503de5', N'3147d396-c9d9-4a25-9f61-aa48072961f2')
INSERT [dbo].[aspnet_UsersInRoles] ([UserId], [RoleId]) VALUES (N'790a40e3-436d-4896-b577-8a98ef62630e', N'3147d396-c9d9-4a25-9f61-aa48072961f2')
INSERT [dbo].[aspnet_UsersInRoles] ([UserId], [RoleId]) VALUES (N'e1a30b26-066b-413a-b15d-92f262a2d7ac', N'3147d396-c9d9-4a25-9f61-aa48072961f2')
INSERT [dbo].[aspnet_UsersInRoles] ([UserId], [RoleId]) VALUES (N'a54ea6a5-ae84-4019-be6f-9bb93c3becce', N'3147d396-c9d9-4a25-9f61-aa48072961f2')
INSERT [dbo].[aspnet_UsersInRoles] ([UserId], [RoleId]) VALUES (N'f6b0c04f-eedc-4d9a-9a29-dded21236ace', N'3147d396-c9d9-4a25-9f61-aa48072961f2')
INSERT [dbo].[aspnet_UsersInRoles] ([UserId], [RoleId]) VALUES (N'7853c0da-9947-43be-9c75-ff675d1b900c', N'3147d396-c9d9-4a25-9f61-aa48072961f2')
INSERT [dbo].[aspnet_UsersInRoles] ([UserId], [RoleId]) VALUES (N'2ffba48c-d122-40a5-9291-025f83bbc6e9', N'7aed55b5-2eac-4fd3-bbb2-bdc6d3d0daa0')
INSERT [dbo].[aspnet_UsersInRoles] ([UserId], [RoleId]) VALUES (N'6ac33a36-374f-4b9f-9466-1719a226ccdd', N'7aed55b5-2eac-4fd3-bbb2-bdc6d3d0daa0')
INSERT [dbo].[aspnet_UsersInRoles] ([UserId], [RoleId]) VALUES (N'90bb99e6-86b9-4c05-9559-189ff69347c2', N'7aed55b5-2eac-4fd3-bbb2-bdc6d3d0daa0')
INSERT [dbo].[aspnet_UsersInRoles] ([UserId], [RoleId]) VALUES (N'53e77498-e32d-49d7-b503-3c28d2ee5489', N'7aed55b5-2eac-4fd3-bbb2-bdc6d3d0daa0')
INSERT [dbo].[aspnet_UsersInRoles] ([UserId], [RoleId]) VALUES (N'd981d156-abf4-4189-9fe6-82838a2cafbc', N'7aed55b5-2eac-4fd3-bbb2-bdc6d3d0daa0')
INSERT [dbo].[aspnet_UsersInRoles] ([UserId], [RoleId]) VALUES (N'099d0e13-bea9-4b3b-bf97-8eb28dc924a1', N'7aed55b5-2eac-4fd3-bbb2-bdc6d3d0daa0')
INSERT [dbo].[aspnet_UsersInRoles] ([UserId], [RoleId]) VALUES (N'b783a7ee-eb17-4483-8f0a-aa9ae6a2e123', N'7aed55b5-2eac-4fd3-bbb2-bdc6d3d0daa0')
INSERT [dbo].[aspnet_UsersInRoles] ([UserId], [RoleId]) VALUES (N'3c9dbd0b-5f6e-4a44-bb1b-b393eb0b60eb', N'7aed55b5-2eac-4fd3-bbb2-bdc6d3d0daa0')
INSERT [dbo].[aspnet_UsersInRoles] ([UserId], [RoleId]) VALUES (N'3366c361-9057-4a2a-a5a0-b5702295005e', N'7aed55b5-2eac-4fd3-bbb2-bdc6d3d0daa0')
INSERT [dbo].[aspnet_UsersInRoles] ([UserId], [RoleId]) VALUES (N'054c6976-964e-4233-b8c2-b673c1a73efa', N'7aed55b5-2eac-4fd3-bbb2-bdc6d3d0daa0')
INSERT [dbo].[aspnet_UsersInRoles] ([UserId], [RoleId]) VALUES (N'dfa32fca-1168-4474-888f-b68b6a81d30e', N'7aed55b5-2eac-4fd3-bbb2-bdc6d3d0daa0')
INSERT [dbo].[aspnet_UsersInRoles] ([UserId], [RoleId]) VALUES (N'eef29677-36dd-401e-a46b-b99f309ede14', N'7aed55b5-2eac-4fd3-bbb2-bdc6d3d0daa0')
INSERT [dbo].[aspnet_UsersInRoles] ([UserId], [RoleId]) VALUES (N'1e732043-9018-4338-993c-d69e0f48bf90', N'7aed55b5-2eac-4fd3-bbb2-bdc6d3d0daa0')
INSERT [dbo].[aspnet_UsersInRoles] ([UserId], [RoleId]) VALUES (N'9120d969-cc97-49c3-bfee-d7a7ed0f4d02', N'7aed55b5-2eac-4fd3-bbb2-bdc6d3d0daa0')
INSERT [dbo].[aspnet_UsersInRoles] ([UserId], [RoleId]) VALUES (N'993c9122-b19c-469b-86b0-36477e9552c6', N'77d38667-5b15-47c1-836c-ebb798dbafde')
INSERT [dbo].[aspnet_UsersInRoles] ([UserId], [RoleId]) VALUES (N'8f0a6806-20b3-4e8c-91ac-490f1fe6c621', N'77d38667-5b15-47c1-836c-ebb798dbafde')
INSERT [dbo].[aspnet_UsersInRoles] ([UserId], [RoleId]) VALUES (N'271a40c7-a62d-4865-a574-7592738185ae', N'77d38667-5b15-47c1-836c-ebb798dbafde')
INSERT [dbo].[aspnet_UsersInRoles] ([UserId], [RoleId]) VALUES (N'3a1b826d-077a-47d5-8642-9cd3e0f33bca', N'77d38667-5b15-47c1-836c-ebb798dbafde')
INSERT [dbo].[aspnet_UsersInRoles] ([UserId], [RoleId]) VALUES (N'afd0eb6a-fb49-4052-8d24-a0e2dec49bb1', N'77d38667-5b15-47c1-836c-ebb798dbafde')
INSERT [dbo].[aspnet_UsersInRoles] ([UserId], [RoleId]) VALUES (N'e101b6aa-2c4e-4b82-99c5-a56f8871e6c9', N'77d38667-5b15-47c1-836c-ebb798dbafde')
INSERT [dbo].[aspnet_UsersInRoles] ([UserId], [RoleId]) VALUES (N'af39627d-10a5-4b1b-9058-ad8ddff17eae', N'77d38667-5b15-47c1-836c-ebb798dbafde')
